location,iso_code,date,people_vaccinated_per_hundred,daily_vaccinations_per_million
Albania,ALB,1/10/2021,0,
Albania,ALB,1/11/2021,,22
Albania,ALB,1/12/2021,0,22
Albania,ALB,1/13/2021,0.01,22
Albania,ALB,1/14/2021,0.01,23
Albania,ALB,1/15/2021,0.01,22
Albania,ALB,1/16/2021,0.01,22
Albania,ALB,1/17/2021,0.01,20
Albania,ALB,1/18/2021,0.02,19
Albania,ALB,1/19/2021,0.02,18
Albania,ALB,1/20/2021,0.02,16
Albania,ALB,1/21/2021,0.02,14
Albania,ALB,1/22/2021,,12
Albania,ALB,1/23/2021,,9
Albania,ALB,1/24/2021,,7
Albania,ALB,1/25/2021,,5
Albania,ALB,1/26/2021,,3
Albania,ALB,1/27/2021,,1
Albania,ALB,1/28/2021,,
Albania,ALB,1/29/2021,,
Albania,ALB,1/30/2021,,
Albania,ALB,1/31/2021,,
Albania,ALB,2/1/2021,,
Albania,ALB,2/2/2021,0.02,
Albania,ALB,2/3/2021,,4
Albania,ALB,2/4/2021,,8
Albania,ALB,2/5/2021,,12
Albania,ALB,2/6/2021,,16
Albania,ALB,2/7/2021,,21
Albania,ALB,2/8/2021,,25
Albania,ALB,2/9/2021,0.02,28
Algeria,DZA,1/29/2021,,
Algeria,DZA,1/30/2021,,1
Andorra,AND,1/25/2021,0.75,
Andorra,AND,1/26/2021,,854
Andorra,AND,1/27/2021,,854
Andorra,AND,1/28/2021,,854
Andorra,AND,1/29/2021,,854
Andorra,AND,1/30/2021,,854
Andorra,AND,1/31/2021,,854
Andorra,AND,2/1/2021,1.34,854
Andorra,AND,2/2/2021,,777
Andorra,AND,2/3/2021,,712
Andorra,AND,2/4/2021,,647
Andorra,AND,2/5/2021,,569
Andorra,AND,2/6/2021,,505
Andorra,AND,2/7/2021,,440
Andorra,AND,2/8/2021,,362
Andorra,AND,2/9/2021,,362
Andorra,AND,2/10/2021,1.67,362
Argentina,ARG,12/29/2020,,
Argentina,ARG,12/30/2020,,346
Argentina,ARG,12/31/2020,,346
Argentina,ARG,1/1/2021,,245
Argentina,ARG,1/2/2021,,194
Argentina,ARG,1/3/2021,,164
Argentina,ARG,1/4/2021,,143
Argentina,ARG,1/5/2021,,177
Argentina,ARG,1/6/2021,,181
Argentina,ARG,1/7/2021,,185
Argentina,ARG,1/8/2021,,233
Argentina,ARG,1/9/2021,,264
Argentina,ARG,1/10/2021,,296
Argentina,ARG,1/11/2021,,327
Argentina,ARG,1/12/2021,,311
Argentina,ARG,1/13/2021,,295
Argentina,ARG,1/14/2021,,295
Argentina,ARG,1/15/2021,,295
Argentina,ARG,1/16/2021,,287
Argentina,ARG,1/17/2021,,279
Argentina,ARG,1/18/2021,,272
Argentina,ARG,1/19/2021,,264
Argentina,ARG,1/20/2021,0.54,256
Argentina,ARG,1/21/2021,0.55,259
Argentina,ARG,1/22/2021,0.56,249
Argentina,ARG,1/23/2021,0.57,246
Argentina,ARG,1/24/2021,0.58,229
Argentina,ARG,1/25/2021,0.58,200
Argentina,ARG,1/26/2021,0.59,213
Argentina,ARG,1/27/2021,0.6,222
Argentina,ARG,1/28/2021,0.61,197
Argentina,ARG,1/29/2021,0.62,204
Argentina,ARG,1/30/2021,0.62,248
Argentina,ARG,1/31/2021,,250
Argentina,ARG,2/1/2021,0.62,264
Argentina,ARG,2/2/2021,,254
Argentina,ARG,2/3/2021,0.63,248
Argentina,ARG,2/4/2021,0.66,367
Argentina,ARG,2/5/2021,,359
Argentina,ARG,2/6/2021,0.68,332
Argentina,ARG,2/7/2021,0.71,411
Argentina,ARG,2/8/2021,0.71,429
Argentina,ARG,2/9/2021,0.71,401
Argentina,ARG,2/10/2021,0.75,439
Argentina,ARG,2/11/2021,0.8,407
Austria,AUT,1/10/2021,0.08,
Austria,AUT,1/11/2021,0.13,
Austria,AUT,1/12/2021,0.15,
Austria,AUT,1/13/2021,0.22,
Austria,AUT,1/14/2021,0.33,717
Austria,AUT,1/15/2021,0.44,1026
Austria,AUT,1/16/2021,0.56,1014
Austria,AUT,1/17/2021,0.62,964
Austria,AUT,1/18/2021,0.67,1074
Austria,AUT,1/19/2021,0.78,1208
Austria,AUT,1/20/2021,0.96,1683
Austria,AUT,1/21/2021,1.17,1677
Austria,AUT,1/22/2021,1.35,1526
Austria,AUT,1/23/2021,1.47,1469
Austria,AUT,1/24/2021,1.5,1418
Austria,AUT,1/25/2021,1.52,1399
Austria,AUT,1/26/2021,1.63,1431
Austria,AUT,1/27/2021,1.71,1021
Austria,AUT,1/28/2021,1.82,718
Austria,AUT,1/29/2021,1.93,717
Austria,AUT,1/30/2021,2.04,824
Austria,AUT,1/31/2021,2.06,847
Austria,AUT,2/1/2021,2.07,803
Austria,AUT,2/2/2021,2.11,851
Austria,AUT,2/3/2021,2.16,967
Austria,AUT,2/4/2021,2.21,1015
Austria,AUT,2/5/2021,2.24,1087
Austria,AUT,2/6/2021,2.31,1014
Austria,AUT,2/7/2021,2.33,1034
Austria,AUT,2/8/2021,2.35,1117
Austria,AUT,2/9/2021,2.39,1110
Austria,AUT,2/10/2021,2.43,1224
Austria,AUT,2/11/2021,2.49,1285
Bahrain,BHR,12/23/2020,2.29,
Bahrain,BHR,12/24/2020,2.94,6527
Bahrain,BHR,12/25/2020,2.97,3402
Bahrain,BHR,12/26/2020,3.03,2467
Bahrain,BHR,12/27/2020,3.15,2152
Bahrain,BHR,12/28/2020,3.23,1886
Bahrain,BHR,12/29/2020,3.29,1673
Bahrain,BHR,12/30/2020,3.37,1541
Bahrain,BHR,12/31/2020,3.45,720
Bahrain,BHR,1/1/2021,3.49,739
Bahrain,BHR,1/2/2021,3.53,717
Bahrain,BHR,1/3/2021,3.57,594
Bahrain,BHR,1/4/2021,3.62,554
Bahrain,BHR,1/5/2021,3.75,659
Bahrain,BHR,1/6/2021,4.02,937
Bahrain,BHR,1/7/2021,4.25,1141
Bahrain,BHR,1/8/2021,4.6,1590
Bahrain,BHR,1/9/2021,4.95,2020
Bahrain,BHR,1/10/2021,5.25,2398
Bahrain,BHR,1/11/2021,5.44,2602
Bahrain,BHR,1/12/2021,5.75,2844
Bahrain,BHR,1/13/2021,5.96,2762
Bahrain,BHR,1/14/2021,6.44,3134
Bahrain,BHR,1/15/2021,7.22,3738
Bahrain,BHR,1/16/2021,8.06,4450
Bahrain,BHR,1/17/2021,8.32,4392
Bahrain,BHR,1/18/2021,8.39,4217
Bahrain,BHR,1/19/2021,8.44,3847
Bahrain,BHR,1/20/2021,8.47,3591
Bahrain,BHR,1/21/2021,,3207
Bahrain,BHR,1/22/2021,,2400
Bahrain,BHR,1/23/2021,,1502
Bahrain,BHR,1/24/2021,,1437
Bahrain,BHR,1/25/2021,,1636
Bahrain,BHR,1/26/2021,9.75,1877
Bahrain,BHR,1/27/2021,9.86,1982
Bahrain,BHR,1/28/2021,9.96,1819
Bahrain,BHR,1/29/2021,9.98,1545
Bahrain,BHR,1/30/2021,10.02,1292
Bahrain,BHR,1/31/2021,10.08,1082
Bahrain,BHR,2/1/2021,10.16,890
Bahrain,BHR,2/2/2021,10.23,682
Bahrain,BHR,2/3/2021,10.29,618
Bahrain,BHR,2/4/2021,10.42,654
Bahrain,BHR,2/5/2021,10.55,817
Bahrain,BHR,2/6/2021,10.73,1017
Bahrain,BHR,2/7/2021,11.25,1666
Bahrain,BHR,2/8/2021,11.82,2368
Bahrain,BHR,2/9/2021,12.51,3263
Bahrain,BHR,2/10/2021,12.91,3736
Bahrain,BHR,2/11/2021,13.22,4003
Bangladesh,BGD,1/26/2021,0,
Bangladesh,BGD,1/27/2021,0,0
Bangladesh,BGD,1/28/2021,0,2
Bangladesh,BGD,1/29/2021,,7
Bangladesh,BGD,1/30/2021,,10
Bangladesh,BGD,1/31/2021,,12
Bangladesh,BGD,2/1/2021,,13
Bangladesh,BGD,2/2/2021,,14
Bangladesh,BGD,2/3/2021,,16
Bangladesh,BGD,2/4/2021,,19
Bangladesh,BGD,2/5/2021,,19
Bangladesh,BGD,2/6/2021,,19
Bangladesh,BGD,2/7/2021,0.02,19
Bangladesh,BGD,2/8/2021,,80
Bangladesh,BGD,2/9/2021,0.11,142
Bangladesh,BGD,2/10/2021,0.21,277
Belgium,BEL,12/28/2020,0,
Belgium,BEL,12/29/2020,0,0
Belgium,BEL,12/30/2020,0.01,21
Belgium,BEL,12/31/2020,0.01,14
Belgium,BEL,1/1/2021,0.01,11
Belgium,BEL,1/2/2021,,9
Belgium,BEL,1/3/2021,,7
Belgium,BEL,1/4/2021,0.01,6
Belgium,BEL,1/5/2021,0.02,26
Belgium,BEL,1/6/2021,0.05,67
Belgium,BEL,1/7/2021,0.12,167
Belgium,BEL,1/8/2021,0.2,280
Belgium,BEL,1/9/2021,0.23,319
Belgium,BEL,1/10/2021,0.23,324
Belgium,BEL,1/11/2021,0.28,391
Belgium,BEL,1/12/2021,0.41,562
Belgium,BEL,1/13/2021,0.59,769
Belgium,BEL,1/14/2021,0.79,947
Belgium,BEL,1/15/2021,0.98,1114
Belgium,BEL,1/16/2021,1.03,1137
Belgium,BEL,1/17/2021,1.05,1172
Belgium,BEL,1/18/2021,1.14,1235
Belgium,BEL,1/19/2021,1.3,1275
Belgium,BEL,1/20/2021,1.48,1272
Belgium,BEL,1/21/2021,1.73,1358
Belgium,BEL,1/22/2021,1.98,1432
Belgium,BEL,1/23/2021,2.05,1467
Belgium,BEL,1/24/2021,2.06,1450
Belgium,BEL,1/25/2021,2.16,1452
Belgium,BEL,1/26/2021,2.24,1364
Belgium,BEL,1/27/2021,2.35,1308
Belgium,BEL,1/28/2021,2.48,1211
Belgium,BEL,1/29/2021,2.58,1091
Belgium,BEL,1/30/2021,2.59,1049
Belgium,BEL,1/31/2021,2.59,1037
Belgium,BEL,2/1/2021,2.63,992
Belgium,BEL,2/2/2021,2.71,1121
Belgium,BEL,2/3/2021,2.78,1262
Belgium,BEL,2/4/2021,2.86,1369
Belgium,BEL,2/5/2021,2.92,1475
Belgium,BEL,2/6/2021,2.93,1491
Belgium,BEL,2/7/2021,2.93,1516
Belgium,BEL,2/8/2021,2.95,1534
Belgium,BEL,2/9/2021,3,1545
Belgium,BEL,2/10/2021,3.05,1444
Belgium,BEL,2/11/2021,3.07,1235
Bermuda,BMU,1/10/2021,0,
Bermuda,BMU,1/11/2021,,4464
Bermuda,BMU,1/12/2021,,4464
Bermuda,BMU,1/13/2021,,4464
Bermuda,BMU,1/14/2021,,4464
Bermuda,BMU,1/15/2021,,4464
Bermuda,BMU,1/16/2021,2.67,4464
Bermuda,BMU,1/17/2021,,4239
Bermuda,BMU,1/18/2021,,4015
Bermuda,BMU,1/19/2021,,3790
Bermuda,BMU,1/20/2021,,3565
Bermuda,BMU,1/21/2021,,3356
Bermuda,BMU,1/22/2021,,3131
Bermuda,BMU,1/23/2021,4.71,2907
Bermuda,BMU,1/24/2021,,3131
Bermuda,BMU,1/25/2021,,3356
Bermuda,BMU,1/26/2021,,3597
Bermuda,BMU,1/27/2021,,3822
Bermuda,BMU,1/28/2021,,4047
Bermuda,BMU,1/29/2021,,4272
Bermuda,BMU,1/30/2021,7.86,4512
Bermuda,BMU,1/31/2021,,5235
Bermuda,BMU,2/1/2021,,5974
Bermuda,BMU,2/2/2021,,6696
Bermuda,BMU,2/3/2021,,7435
Bermuda,BMU,2/4/2021,,8174
Bermuda,BMU,2/5/2021,,8896
Bermuda,BMU,2/6/2021,12.05,9635
Bermuda,BMU,2/7/2021,,8944
Bermuda,BMU,2/8/2021,,8270
Bermuda,BMU,2/9/2021,13.49,7580
Bolivia,BOL,1/28/2021,,
Bolivia,BOL,1/29/2021,,1
Bolivia,BOL,1/30/2021,,2
Bolivia,BOL,1/31/2021,,2
Bolivia,BOL,2/1/2021,,12
Bolivia,BOL,2/2/2021,,27
Bolivia,BOL,2/3/2021,,51
Bolivia,BOL,2/4/2021,,54
Bolivia,BOL,2/5/2021,,64
Bolivia,BOL,2/6/2021,,73
Bolivia,BOL,2/7/2021,,83
Bolivia,BOL,2/8/2021,,87
Bolivia,BOL,2/9/2021,,85
Bolivia,BOL,2/10/2021,,71
Bolivia,BOL,2/11/2021,,71
Brazil,BRA,1/16/2021,0,
Brazil,BRA,1/17/2021,0,1
Brazil,BRA,1/18/2021,0,3
Brazil,BRA,1/19/2021,0.01,18
Brazil,BRA,1/20/2021,0.01,34
Brazil,BRA,1/21/2021,0.06,128
Brazil,BRA,1/22/2021,0.12,193
Brazil,BRA,1/23/2021,0.25,361
Brazil,BRA,1/24/2021,0.28,406
Brazil,BRA,1/25/2021,0.33,470
Brazil,BRA,1/26/2021,0.4,563
Brazil,BRA,1/27/2021,0.53,740
Brazil,BRA,1/28/2021,0.68,883
Brazil,BRA,1/29/2021,0.78,956
Brazil,BRA,1/30/2021,0.91,985
Brazil,BRA,1/31/2021,0.96,988
Brazil,BRA,2/1/2021,0.99,957
Brazil,BRA,2/2/2021,1.08,970
Brazil,BRA,2/3/2021,1.19,935
Brazil,BRA,2/4/2021,1.45,1090
Brazil,BRA,2/5/2021,1.45,946
Brazil,BRA,2/6/2021,1.6,940
Brazil,BRA,2/7/2021,1.66,994
Brazil,BRA,2/8/2021,1.68,996
Brazil,BRA,2/9/2021,1.78,1027
Brazil,BRA,2/10/2021,1.91,1074
Brazil,BRA,2/11/2021,2.04,896
Bulgaria,BGR,12/29/2020,0.02,
Bulgaria,BGR,12/30/2020,0.07,416
Bulgaria,BGR,12/31/2020,,213
Bulgaria,BGR,1/1/2021,0.07,145
Bulgaria,BGR,1/2/2021,,115
Bulgaria,BGR,1/3/2021,,97
Bulgaria,BGR,1/4/2021,,85
Bulgaria,BGR,1/5/2021,0.08,77
Bulgaria,BGR,1/6/2021,0.11,68
Bulgaria,BGR,1/7/2021,0.16,132
Bulgaria,BGR,1/8/2021,0.19,177
Bulgaria,BGR,1/9/2021,0.19,176
Bulgaria,BGR,1/10/2021,,179
Bulgaria,BGR,1/11/2021,0.2,183
Bulgaria,BGR,1/12/2021,0.23,212
Bulgaria,BGR,1/13/2021,0.25,188
Bulgaria,BGR,1/14/2021,0.25,135
Bulgaria,BGR,1/15/2021,0.26,98
Bulgaria,BGR,1/16/2021,0.26,100
Bulgaria,BGR,1/17/2021,0.27,95
Bulgaria,BGR,1/18/2021,0.27,113
Bulgaria,BGR,1/19/2021,0.27,133
Bulgaria,BGR,1/20/2021,0.29,146
Bulgaria,BGR,1/21/2021,0.3,156
Bulgaria,BGR,1/22/2021,0.31,164
Bulgaria,BGR,1/23/2021,0.31,160
Bulgaria,BGR,1/24/2021,0.31,158
Bulgaria,BGR,1/25/2021,0.32,147
Bulgaria,BGR,1/26/2021,0.34,142
Bulgaria,BGR,1/27/2021,0.36,181
Bulgaria,BGR,1/28/2021,0.39,255
Bulgaria,BGR,1/29/2021,0.4,302
Bulgaria,BGR,1/30/2021,0.4,306
Bulgaria,BGR,1/31/2021,0.4,308
Bulgaria,BGR,2/1/2021,0.42,326
Bulgaria,BGR,2/2/2021,0.44,345
Bulgaria,BGR,2/3/2021,0.48,354
Bulgaria,BGR,2/4/2021,0.53,337
Bulgaria,BGR,2/5/2021,0.57,330
Bulgaria,BGR,2/6/2021,0.57,329
Bulgaria,BGR,2/7/2021,0.57,327
Bulgaria,BGR,2/8/2021,0.6,334
Bulgaria,BGR,2/9/2021,0.64,340
Bulgaria,BGR,2/10/2021,0.68,330
Bulgaria,BGR,2/11/2021,0.74,352
Canada,CAN,12/19/2020,0.02,
Canada,CAN,12/26/2020,0.09,
Canada,CAN,1/2/2021,0.21,
Canada,CAN,1/9/2021,0.56,
Canada,CAN,1/12/2021,,
Canada,CAN,1/13/2021,,113
Canada,CAN,1/14/2021,,193
Canada,CAN,1/15/2021,,284
Canada,CAN,1/16/2021,1.5,386
Canada,CAN,1/17/2021,,488
Canada,CAN,1/18/2021,,590
Canada,CAN,1/19/2021,,729
Canada,CAN,1/20/2021,,747
Canada,CAN,1/21/2021,,1498
Canada,CAN,1/22/2021,,1552
Canada,CAN,1/23/2021,2.07,1514
Canada,CAN,1/24/2021,,1475
Canada,CAN,1/25/2021,,1436
Canada,CAN,1/26/2021,,1390
Canada,CAN,1/27/2021,,1532
Canada,CAN,1/28/2021,,773
Canada,CAN,1/29/2021,,700
Canada,CAN,1/30/2021,2.31,684
Canada,CAN,1/31/2021,,668
Canada,CAN,2/1/2021,,652
Canada,CAN,2/2/2021,,602
Canada,CAN,2/3/2021,,412
Canada,CAN,2/4/2021,,395
Canada,CAN,2/5/2021,,397
Canada,CAN,2/6/2021,,419
Canada,CAN,2/7/2021,,441
Canada,CAN,2/8/2021,,463
Canada,CAN,2/9/2021,,505
Canada,CAN,2/10/2021,,586
Canada,CAN,2/11/2021,,648
Cayman Islands,CYM,12/26/2020,0,
Cayman Islands,CYM,12/27/2020,,4184
Cayman Islands,CYM,12/28/2020,,4184
Cayman Islands,CYM,12/29/2020,,4184
Cayman Islands,CYM,12/30/2020,,4184
Cayman Islands,CYM,12/31/2020,,4184
Cayman Islands,CYM,1/1/2021,,4184
Cayman Islands,CYM,1/2/2021,,4184
Cayman Islands,CYM,1/3/2021,,4184
Cayman Islands,CYM,1/4/2021,,4184
Cayman Islands,CYM,1/5/2021,,4184
Cayman Islands,CYM,1/6/2021,,4184
Cayman Islands,CYM,1/7/2021,,4184
Cayman Islands,CYM,1/8/2021,,4184
Cayman Islands,CYM,1/9/2021,,4184
Cayman Islands,CYM,1/10/2021,,4184
Cayman Islands,CYM,1/11/2021,,4184
Cayman Islands,CYM,1/12/2021,,4184
Cayman Islands,CYM,1/13/2021,,4184
Cayman Islands,CYM,1/14/2021,,4184
Cayman Islands,CYM,1/15/2021,,4184
Cayman Islands,CYM,1/16/2021,,4184
Cayman Islands,CYM,1/17/2021,,4184
Cayman Islands,CYM,1/18/2021,,4184
Cayman Islands,CYM,1/19/2021,,4184
Cayman Islands,CYM,1/20/2021,,4184
Cayman Islands,CYM,1/21/2021,,4184
Cayman Islands,CYM,1/22/2021,,4184
Cayman Islands,CYM,1/23/2021,,4184
Cayman Islands,CYM,1/24/2021,,4184
Cayman Islands,CYM,1/25/2021,,4184
Cayman Islands,CYM,1/26/2021,,4184
Cayman Islands,CYM,1/27/2021,,4184
Cayman Islands,CYM,1/28/2021,,4184
Cayman Islands,CYM,1/29/2021,,4184
Cayman Islands,CYM,1/30/2021,,4184
Cayman Islands,CYM,1/31/2021,,4184
Cayman Islands,CYM,2/1/2021,,4184
Cayman Islands,CYM,2/2/2021,,4184
Cayman Islands,CYM,2/3/2021,,4184
Cayman Islands,CYM,2/4/2021,11.89,4184
Cayman Islands,CYM,2/5/2021,,4717
Cayman Islands,CYM,2/6/2021,,5250
Cayman Islands,CYM,2/7/2021,,5782
Cayman Islands,CYM,2/8/2021,,6315
Cayman Islands,CYM,2/9/2021,13.45,6847
Cayman Islands,CYM,2/10/2021,13.56,7288
Chile,CHL,12/24/2020,0,
Chile,CHL,12/25/2020,0.03,250
Chile,CHL,12/26/2020,0.04,207
Chile,CHL,12/27/2020,0.05,143
Chile,CHL,12/28/2020,,108
Chile,CHL,12/29/2020,,87
Chile,CHL,12/30/2020,,73
Chile,CHL,12/31/2020,,63
Chile,CHL,1/1/2021,,28
Chile,CHL,1/2/2021,,5
Chile,CHL,1/3/2021,,3
Chile,CHL,1/4/2021,0.05,3
Chile,CHL,1/5/2021,0.05,13
Chile,CHL,1/6/2021,0.06,14
Chile,CHL,1/7/2021,,18
Chile,CHL,1/8/2021,,22
Chile,CHL,1/9/2021,,26
Chile,CHL,1/10/2021,,29
Chile,CHL,1/11/2021,,33
Chile,CHL,1/12/2021,,27
Chile,CHL,1/13/2021,0.06,29
Chile,CHL,1/14/2021,0.07,54
Chile,CHL,1/15/2021,0.07,75
Chile,CHL,1/16/2021,0.07,71
Chile,CHL,1/17/2021,0.07,68
Chile,CHL,1/18/2021,0.13,141
Chile,CHL,1/19/2021,0.22,276
Chile,CHL,1/20/2021,0.24,295
Chile,CHL,1/21/2021,0.28,331
Chile,CHL,1/22/2021,0.29,308
Chile,CHL,1/23/2021,0.29,314
Chile,CHL,1/24/2021,,315
Chile,CHL,1/25/2021,0.29,238
Chile,CHL,1/26/2021,0.3,117
Chile,CHL,1/27/2021,0.3,98
Chile,CHL,1/28/2021,0.3,32
Chile,CHL,1/29/2021,0.3,30
Chile,CHL,1/30/2021,0.3,24
Chile,CHL,1/31/2021,,48
Chile,CHL,2/1/2021,,72
Chile,CHL,2/2/2021,0.35,81
Chile,CHL,2/3/2021,0.67,535
Chile,CHL,2/4/2021,1.47,1680
Chile,CHL,2/5/2021,2.91,3757
Chile,CHL,2/6/2021,3.1,4024
Chile,CHL,2/7/2021,3.16,4082
Chile,CHL,2/8/2021,4.06,5403
Chile,CHL,2/9/2021,5.36,7398
Chile,CHL,2/10/2021,6.76,9003
Chile,CHL,2/11/2021,8.11,9805
China,CHN,12/15/2020,,
China,CHN,12/16/2020,,130
China,CHN,12/17/2020,,130
China,CHN,12/18/2020,,130
China,CHN,12/19/2020,,130
China,CHN,12/20/2020,,130
China,CHN,12/21/2020,,130
China,CHN,12/22/2020,,130
China,CHN,12/23/2020,,130
China,CHN,12/24/2020,,130
China,CHN,12/25/2020,,130
China,CHN,12/26/2020,,130
China,CHN,12/27/2020,,130
China,CHN,12/28/2020,,130
China,CHN,12/29/2020,,130
China,CHN,12/30/2020,,130
China,CHN,12/31/2020,,130
China,CHN,1/1/2021,,161
China,CHN,1/2/2021,,192
China,CHN,1/3/2021,,223
China,CHN,1/4/2021,,254
China,CHN,1/5/2021,,285
China,CHN,1/6/2021,,316
China,CHN,1/7/2021,,347
China,CHN,1/8/2021,,347
China,CHN,1/9/2021,,347
China,CHN,1/10/2021,,323
China,CHN,1/11/2021,,298
China,CHN,1/12/2021,,273
China,CHN,1/13/2021,,248
China,CHN,1/14/2021,,269
China,CHN,1/15/2021,,291
China,CHN,1/16/2021,,312
China,CHN,1/17/2021,,358
China,CHN,1/18/2021,,404
China,CHN,1/19/2021,,450
China,CHN,1/20/2021,,496
China,CHN,1/21/2021,,535
China,CHN,1/22/2021,,575
China,CHN,1/23/2021,,614
China,CHN,1/24/2021,,653
China,CHN,1/25/2021,,692
China,CHN,1/26/2021,,732
China,CHN,1/27/2021,,771
China,CHN,1/28/2021,,691
China,CHN,1/29/2021,,612
China,CHN,1/30/2021,,532
China,CHN,1/31/2021,,453
China,CHN,2/1/2021,,581
China,CHN,2/2/2021,,709
China,CHN,2/3/2021,,837
China,CHN,2/4/2021,,961
China,CHN,2/5/2021,,1084
China,CHN,2/6/2021,,1208
China,CHN,2/7/2021,,1331
China,CHN,2/8/2021,,1247
China,CHN,2/9/2021,,1163
Costa Rica,CRI,12/24/2020,,
Costa Rica,CRI,12/25/2020,,47
Costa Rica,CRI,12/26/2020,,47
Costa Rica,CRI,12/27/2020,,47
Costa Rica,CRI,12/28/2020,,47
Costa Rica,CRI,12/29/2020,,47
Costa Rica,CRI,12/30/2020,,47
Costa Rica,CRI,12/31/2020,,47
Costa Rica,CRI,1/1/2021,,47
Costa Rica,CRI,1/2/2021,,47
Costa Rica,CRI,1/3/2021,,47
Costa Rica,CRI,1/4/2021,,81
Costa Rica,CRI,1/5/2021,,115
Costa Rica,CRI,1/6/2021,,150
Costa Rica,CRI,1/7/2021,,184
Costa Rica,CRI,1/8/2021,,218
Costa Rica,CRI,1/9/2021,,272
Costa Rica,CRI,1/10/2021,,326
Costa Rica,CRI,1/11/2021,,345
Costa Rica,CRI,1/12/2021,,365
Costa Rica,CRI,1/13/2021,,385
Costa Rica,CRI,1/14/2021,,404
Costa Rica,CRI,1/15/2021,0.49,424
Costa Rica,CRI,1/16/2021,,406
Costa Rica,CRI,1/17/2021,,387
Costa Rica,CRI,1/18/2021,0.57,369
Costa Rica,CRI,1/19/2021,,384
Costa Rica,CRI,1/20/2021,,398
Costa Rica,CRI,1/21/2021,,413
Costa Rica,CRI,1/22/2021,,427
Costa Rica,CRI,1/23/2021,,460
Costa Rica,CRI,1/24/2021,,493
Costa Rica,CRI,1/25/2021,0.9,526
Costa Rica,CRI,1/26/2021,,489
Costa Rica,CRI,1/27/2021,,452
Costa Rica,CRI,1/28/2021,,415
Costa Rica,CRI,1/29/2021,,379
Costa Rica,CRI,1/30/2021,,342
Costa Rica,CRI,1/31/2021,,305
Costa Rica,CRI,2/1/2021,0.9,269
Costa Rica,CRI,2/2/2021,,300
Costa Rica,CRI,2/3/2021,,331
Costa Rica,CRI,2/4/2021,,363
Costa Rica,CRI,2/5/2021,,394
Costa Rica,CRI,2/6/2021,,425
Costa Rica,CRI,2/7/2021,,457
Costa Rica,CRI,2/8/2021,0.92,488
Croatia,HRV,12/30/2020,0.19,
Croatia,HRV,12/31/2020,,269
Croatia,HRV,1/1/2021,,269
Croatia,HRV,1/2/2021,,269
Croatia,HRV,1/3/2021,0.3,269
Croatia,HRV,1/4/2021,,252
Croatia,HRV,1/5/2021,0.34,241
Croatia,HRV,1/6/2021,,325
Croatia,HRV,1/7/2021,0.5,405
Croatia,HRV,1/8/2021,0.61,519
Croatia,HRV,1/9/2021,0.73,655
Croatia,HRV,1/10/2021,,656
Croatia,HRV,1/11/2021,,669
Croatia,HRV,1/12/2021,,683
Croatia,HRV,1/13/2021,0.84,604
Croatia,HRV,1/14/2021,0.93,605
Croatia,HRV,1/15/2021,1.01,576
Croatia,HRV,1/16/2021,1.12,553
Croatia,HRV,1/17/2021,,611
Croatia,HRV,1/18/2021,,669
Croatia,HRV,1/19/2021,1.32,727
Croatia,HRV,1/20/2021,,811
Croatia,HRV,1/21/2021,,814
Croatia,HRV,1/22/2021,,815
Croatia,HRV,1/23/2021,,721
Croatia,HRV,1/24/2021,,682
Croatia,HRV,1/25/2021,1.41,643
Croatia,HRV,1/26/2021,,633
Croatia,HRV,1/27/2021,,596
Croatia,HRV,1/28/2021,,560
Croatia,HRV,1/29/2021,,524
Croatia,HRV,1/30/2021,,511
Croatia,HRV,1/31/2021,,498
Croatia,HRV,2/1/2021,1.43,485
Croatia,HRV,2/2/2021,,468
Croatia,HRV,2/3/2021,1.44,450
Croatia,HRV,2/4/2021,1.45,627
Croatia,HRV,2/5/2021,,586
Croatia,HRV,2/6/2021,,587
Croatia,HRV,2/7/2021,,588
Croatia,HRV,2/8/2021,,589
Croatia,HRV,2/9/2021,1.49,567
Cyprus,CYP,1/6/2021,,
Cyprus,CYP,1/7/2021,,610
Cyprus,CYP,1/8/2021,,610
Cyprus,CYP,1/9/2021,,610
Cyprus,CYP,1/10/2021,,610
Cyprus,CYP,1/11/2021,,678
Cyprus,CYP,1/12/2021,,725
Cyprus,CYP,1/13/2021,,758
Cyprus,CYP,1/14/2021,,808
Cyprus,CYP,1/15/2021,,857
Cyprus,CYP,1/16/2021,,937
Cyprus,CYP,1/17/2021,,1017
Cyprus,CYP,1/18/2021,,1047
Cyprus,CYP,1/19/2021,,1077
Cyprus,CYP,1/20/2021,,1106
Cyprus,CYP,1/21/2021,,1137
Cyprus,CYP,1/22/2021,1.75,1167
Cyprus,CYP,1/23/2021,,1182
Cyprus,CYP,1/24/2021,,1196
Cyprus,CYP,1/25/2021,,1211
Cyprus,CYP,1/26/2021,,1226
Cyprus,CYP,1/27/2021,,1241
Cyprus,CYP,1/28/2021,,1256
Cyprus,CYP,1/29/2021,2.24,1271
Cyprus,CYP,1/30/2021,,1267
Cyprus,CYP,1/31/2021,,1265
Cyprus,CYP,2/1/2021,,1262
Cyprus,CYP,2/2/2021,,1259
Cyprus,CYP,2/3/2021,,1256
Cyprus,CYP,2/4/2021,,1254
Cyprus,CYP,2/5/2021,2.6,1251
Czechia,CZE,12/27/2020,0.01,
Czechia,CZE,12/28/2020,0.03,213
Czechia,CZE,12/29/2020,0.07,268
Czechia,CZE,12/30/2020,0.1,287
Czechia,CZE,12/31/2020,0.11,246
Czechia,CZE,1/1/2021,0.11,201
Czechia,CZE,1/2/2021,0.12,187
Czechia,CZE,1/3/2021,0.13,173
Czechia,CZE,1/4/2021,0.17,190
Czechia,CZE,1/5/2021,0.21,204
Czechia,CZE,1/6/2021,0.26,235
Czechia,CZE,1/7/2021,0.34,323
Czechia,CZE,1/8/2021,0.43,453
Czechia,CZE,1/9/2021,0.45,462
Czechia,CZE,1/10/2021,0.46,473
Czechia,CZE,1/11/2021,0.56,556
Czechia,CZE,1/12/2021,0.68,674
Czechia,CZE,1/13/2021,0.81,776
Czechia,CZE,1/14/2021,0.95,871
Czechia,CZE,1/15/2021,1.07,922
Czechia,CZE,1/16/2021,1.11,940
Czechia,CZE,1/17/2021,1.13,958
Czechia,CZE,1/18/2021,1.24,1017
Czechia,CZE,1/19/2021,1.36,1038
Czechia,CZE,1/20/2021,1.48,1068
Czechia,CZE,1/21/2021,1.62,1092
Czechia,CZE,1/22/2021,1.76,1112
Czechia,CZE,1/23/2021,1.78,1116
Czechia,CZE,1/24/2021,1.8,1116
Czechia,CZE,1/25/2021,1.89,1092
Czechia,CZE,1/26/2021,1.99,1082
Czechia,CZE,1/27/2021,2.07,1050
Czechia,CZE,1/28/2021,2.14,999
Czechia,CZE,1/29/2021,2.19,978
Czechia,CZE,1/30/2021,2.2,953
Czechia,CZE,1/31/2021,2.2,937
Czechia,CZE,2/1/2021,2.24,924
Czechia,CZE,2/2/2021,2.28,921
Czechia,CZE,2/3/2021,2.32,945
Czechia,CZE,2/4/2021,2.36,1002
Czechia,CZE,2/5/2021,2.41,1029
Czechia,CZE,2/6/2021,2.42,1047
Czechia,CZE,2/7/2021,2.42,1064
Czechia,CZE,2/8/2021,2.46,1109
Czechia,CZE,2/9/2021,2.5,1138
Czechia,CZE,2/10/2021,2.55,1168
Czechia,CZE,2/11/2021,2.59,1172
Denmark,DNK,12/27/2020,0.11,
Denmark,DNK,12/28/2020,0.15,343
Denmark,DNK,12/29/2020,0.3,945
Denmark,DNK,12/30/2020,0.5,1291
Denmark,DNK,12/31/2020,0.61,1236
Denmark,DNK,1/1/2021,0.65,1070
Denmark,DNK,1/2/2021,0.8,1147
Denmark,DNK,1/3/2021,0.91,1132
Denmark,DNK,1/4/2021,0.95,1142
Denmark,DNK,1/5/2021,1.18,1256
Denmark,DNK,1/6/2021,1.52,1462
Denmark,DNK,1/7/2021,1.83,1742
Denmark,DNK,1/8/2021,1.97,1894
Denmark,DNK,1/9/2021,2.01,1722
Denmark,DNK,1/10/2021,2.02,1593
Denmark,DNK,1/11/2021,2.03,1550
Denmark,DNK,1/12/2021,2.04,1227
Denmark,DNK,1/13/2021,2.26,1051
Denmark,DNK,1/14/2021,2.57,1058
Denmark,DNK,1/15/2021,2.83,1223
Denmark,DNK,1/16/2021,2.91,1290
Denmark,DNK,1/17/2021,2.95,1350
Denmark,DNK,1/18/2021,3.02,1482
Denmark,DNK,1/19/2021,3.06,1584
Denmark,DNK,1/20/2021,3.09,1355
Denmark,DNK,1/21/2021,3.11,1010
Denmark,DNK,1/22/2021,3.13,792
Denmark,DNK,1/23/2021,3.14,873
Denmark,DNK,1/24/2021,3.15,971
Denmark,DNK,1/25/2021,3.15,889
Denmark,DNK,1/26/2021,3.16,825
Denmark,DNK,1/27/2021,3.16,854
Denmark,DNK,1/28/2021,3.17,964
Denmark,DNK,1/29/2021,3.19,1288
Denmark,DNK,1/30/2021,3.21,1445
Denmark,DNK,1/31/2021,3.23,1603
Denmark,DNK,2/1/2021,3.24,1749
Denmark,DNK,2/2/2021,3.28,1826
Denmark,DNK,2/3/2021,3.3,1904
Denmark,DNK,2/4/2021,3.33,2002
Denmark,DNK,2/5/2021,3.36,1892
Denmark,DNK,2/6/2021,3.37,1727
Denmark,DNK,2/7/2021,3.41,1528
Denmark,DNK,2/8/2021,3.45,1550
Denmark,DNK,2/9/2021,3.51,1631
Denmark,DNK,2/10/2021,3.57,1613
Ecuador,ECU,1/21/2021,0,
Ecuador,ECU,1/22/2021,0,6
Ecuador,ECU,1/23/2021,,17
Ecuador,ECU,1/24/2021,,20
Ecuador,ECU,1/25/2021,,22
Ecuador,ECU,1/26/2021,,23
Ecuador,ECU,1/27/2021,,24
Ecuador,ECU,1/28/2021,0.02,24
Ecuador,ECU,1/29/2021,,27
Ecuador,ECU,1/30/2021,,27
Ecuador,ECU,1/31/2021,,27
Ecuador,ECU,2/1/2021,,27
Ecuador,ECU,2/2/2021,,27
Ecuador,ECU,2/3/2021,,26
Ecuador,ECU,2/4/2021,0.04,26
Egypt,EGY,1/24/2021,,
Egypt,EGY,1/25/2021,,2
Egypt,EGY,1/26/2021,,2
Egypt,EGY,1/27/2021,,2
Egypt,EGY,1/28/2021,,2
Egypt,EGY,1/29/2021,,2
Egypt,EGY,1/30/2021,,2
England,,12/13/2020,0.1,
England,,12/14/2020,,1316
England,,12/15/2020,,1316
England,,12/16/2020,,1316
England,,12/17/2020,,1316
England,,12/18/2020,,1316
England,,12/19/2020,,1316
England,,12/20/2020,1.02,1316
England,,12/21/2020,,1225
England,,12/22/2020,,1134
England,,12/23/2020,,1043
England,,12/24/2020,,952
England,,12/25/2020,,861
England,,12/26/2020,,770
England,,12/27/2020,1.49,679
England,,12/28/2020,,708
England,,12/29/2020,,738
England,,12/30/2020,,768
England,,12/31/2020,,798
England,,1/1/2021,,828
England,,1/2/2021,,857
England,,1/3/2021,2.08,887
England,,1/4/2021,,1175
England,,1/5/2021,,1463
England,,1/6/2021,,1750
England,,1/7/2021,,2038
England,,1/8/2021,,2326
England,,1/9/2021,,2613
England,,1/10/2021,3.48,2901
England,,1/11/2021,3.7,2843
England,,1/12/2021,4.01,2905
England,,1/13/2021,4.43,3120
England,,1/14/2021,4.92,3416
England,,1/15/2021,5.49,3825
England,,1/16/2021,5.98,4114
England,,1/17/2021,6.25,4096
England,,1/18/2021,6.55,4173
England,,1/19/2021,7.08,4461
England,,1/20/2021,7.65,4646
England,,1/21/2021,8.28,4850
England,,1/22/2021,9.04,5106
England,,1/23/2021,9.82,5529
England,,1/24/2021,10.18,5639
England,,1/25/2021,10.59,5805
England,,1/26/2021,11.05,5701
England,,1/27/2021,11.5,5528
England,,1/28/2021,12.11,5489
England,,1/29/2021,12.89,5521
England,,1/30/2021,13.85,5789
England,,1/31/2021,14.36,6025
England,,2/1/2021,14.86,6142
England,,2/2/2021,15.39,6246
England,,2/3/2021,16.06,6571
England,,2/4/2021,16.75,6690
England,,2/5/2021,17.47,6602
England,,2/6/2021,18.28,6371
England,,2/7/2021,18.69,6213
England,,2/8/2021,19.14,6141
England,,2/9/2021,19.69,6172
England,,2/10/2021,20.29,6076
Estonia,EST,12/28/2020,,
Estonia,EST,12/29/2020,,233
Estonia,EST,12/30/2020,,255
Estonia,EST,12/31/2020,,427
Estonia,EST,1/1/2021,,430
Estonia,EST,1/2/2021,,346
Estonia,EST,1/3/2021,,290
Estonia,EST,1/4/2021,,251
Estonia,EST,1/5/2021,,288
Estonia,EST,1/6/2021,,444
Estonia,EST,1/7/2021,,509
Estonia,EST,1/8/2021,,591
Estonia,EST,1/9/2021,,828
Estonia,EST,1/10/2021,,887
Estonia,EST,1/11/2021,,908
Estonia,EST,1/12/2021,,938
Estonia,EST,1/13/2021,,912
Estonia,EST,1/14/2021,,888
Estonia,EST,1/15/2021,,937
Estonia,EST,1/16/2021,,836
Estonia,EST,1/17/2021,,800
Estonia,EST,1/18/2021,,786
Estonia,EST,1/19/2021,,799
Estonia,EST,1/20/2021,,754
Estonia,EST,1/21/2021,,765
Estonia,EST,1/22/2021,,810
Estonia,EST,1/23/2021,,834
Estonia,EST,1/24/2021,,838
Estonia,EST,1/25/2021,,846
Estonia,EST,1/26/2021,,847
Estonia,EST,1/27/2021,,982
Estonia,EST,1/28/2021,1.92,1039
Estonia,EST,1/29/2021,1.99,1058
Estonia,EST,1/30/2021,2.08,1242
Estonia,EST,1/31/2021,2.1,1302
Estonia,EST,2/1/2021,2.12,1343
Estonia,EST,2/2/2021,2.18,1404
Estonia,EST,2/3/2021,2.27,1444
Estonia,EST,2/4/2021,2.4,1569
Estonia,EST,2/5/2021,2.56,1699
Estonia,EST,2/6/2021,2.68,1684
Estonia,EST,2/7/2021,2.71,1655
Estonia,EST,2/8/2021,2.71,1603
Estonia,EST,2/9/2021,,1686
Estonia,EST,2/10/2021,2.95,1643
Estonia,EST,2/11/2021,3.15,1676
European Union,,12/27/2020,0.01,
European Union,,12/28/2020,0.02,91
European Union,,12/29/2020,0.04,138
European Union,,12/30/2020,0.07,195
European Union,,12/31/2020,0.09,199
European Union,,1/1/2021,0.1,178
European Union,,1/2/2021,0.12,188
European Union,,1/3/2021,0.14,192
European Union,,1/4/2021,0.2,268
European Union,,1/5/2021,0.27,337
European Union,,1/6/2021,0.32,375
European Union,,1/7/2021,0.4,470
European Union,,1/8/2021,0.48,582
European Union,,1/9/2021,0.53,609
European Union,,1/10/2021,0.56,645
European Union,,1/11/2021,0.65,692
European Union,,1/12/2021,0.75,738
European Union,,1/13/2021,0.86,840
European Union,,1/14/2021,0.98,890
European Union,,1/15/2021,1.09,941
European Union,,1/16/2021,1.14,949
European Union,,1/17/2021,1.18,959
European Union,,1/18/2021,1.3,975
European Union,,1/19/2021,1.39,989
European Union,,1/20/2021,1.49,998
European Union,,1/21/2021,1.58,1006
European Union,,1/22/2021,1.68,1042
European Union,,1/23/2021,1.72,1064
European Union,,1/24/2021,1.78,1106
European Union,,1/25/2021,1.86,1112
European Union,,1/26/2021,1.96,1161
European Union,,1/27/2021,2.08,1166
European Union,,1/28/2021,2.16,1199
European Union,,1/29/2021,2.22,1175
European Union,,1/30/2021,2.26,1199
European Union,,1/31/2021,2.31,1241
European Union,,2/1/2021,2.35,1271
European Union,,2/2/2021,2.41,1289
European Union,,2/3/2021,2.48,1339
European Union,,2/4/2021,2.55,1398
European Union,,2/5/2021,2.61,1428
European Union,,2/6/2021,2.64,1430
European Union,,2/7/2021,2.66,1377
European Union,,2/8/2021,2.7,1332
European Union,,2/9/2021,2.78,1346
European Union,,2/10/2021,2.84,1307
European Union,,2/11/2021,2.9,1211
Faeroe Islands,FRO,1/29/2021,8.17,
Faeroe Islands,FRO,1/30/2021,,1699
Faeroe Islands,FRO,1/31/2021,,1699
Faeroe Islands,FRO,2/1/2021,,1699
Faeroe Islands,FRO,2/2/2021,,1699
Faeroe Islands,FRO,2/3/2021,,1699
Faeroe Islands,FRO,2/4/2021,,1699
Faeroe Islands,FRO,2/5/2021,,1699
Faeroe Islands,FRO,2/6/2021,8.29,1699
Faeroe Islands,FRO,2/7/2021,,1637
Faeroe Islands,FRO,2/8/2021,8.39,1576
Faeroe Islands,FRO,2/9/2021,,2169
Faeroe Islands,FRO,2/10/2021,8.46,2763
Finland,FIN,12/31/2020,,
Finland,FIN,1/1/2021,,83
Finland,FIN,1/2/2021,,83
Finland,FIN,1/3/2021,,83
Finland,FIN,1/4/2021,,83
Finland,FIN,1/5/2021,,133
Finland,FIN,1/6/2021,,151
Finland,FIN,1/7/2021,,165
Finland,FIN,1/8/2021,,230
Finland,FIN,1/9/2021,,244
Finland,FIN,1/10/2021,,259
Finland,FIN,1/11/2021,,273
Finland,FIN,1/12/2021,,314
Finland,FIN,1/13/2021,,421
Finland,FIN,1/14/2021,,641
Finland,FIN,1/15/2021,,825
Finland,FIN,1/16/2021,,897
Finland,FIN,1/17/2021,,969
Finland,FIN,1/18/2021,,1041
Finland,FIN,1/19/2021,,985
Finland,FIN,1/20/2021,,1004
Finland,FIN,1/21/2021,,1167
Finland,FIN,1/22/2021,,1241
Finland,FIN,1/23/2021,,1309
Finland,FIN,1/24/2021,,1378
Finland,FIN,1/25/2021,1.91,1446
Finland,FIN,1/26/2021,1.99,1577
Finland,FIN,1/27/2021,2.12,1672
Finland,FIN,1/28/2021,2.31,1548
Finland,FIN,1/29/2021,2.48,1561
Finland,FIN,1/30/2021,2.61,1664
Finland,FIN,1/31/2021,,1517
Finland,FIN,2/1/2021,2.63,1369
Finland,FIN,2/2/2021,2.63,1211
Finland,FIN,2/3/2021,2.71,1198
Finland,FIN,2/4/2021,2.88,1433
Finland,FIN,2/5/2021,2.97,1431
Finland,FIN,2/6/2021,3.05,1433
Finland,FIN,2/7/2021,3.07,1472
Finland,FIN,2/8/2021,3.08,1466
Finland,FIN,2/9/2021,3.13,1636
Finland,FIN,2/10/2021,3.21,1557
Finland,FIN,2/11/2021,3.38,1382
France,FRA,12/27/2020,0,
France,FRA,12/28/2020,0,1
France,FRA,12/29/2020,0,1
France,FRA,12/30/2020,0,1
France,FRA,12/31/2020,0,1
France,FRA,1/1/2021,0,1
France,FRA,1/2/2021,0,1
France,FRA,1/3/2021,0,1
France,FRA,1/4/2021,0,4
France,FRA,1/5/2021,0.01,14
France,FRA,1/6/2021,0.03,35
France,FRA,1/7/2021,0.06,90
France,FRA,1/8/2021,0.11,159
France,FRA,1/9/2021,0.13,181
France,FRA,1/10/2021,0.14,192
France,FRA,1/11/2021,0.18,260
France,FRA,1/12/2021,0.26,363
France,FRA,1/13/2021,0.35,461
France,FRA,1/14/2021,0.45,554
France,FRA,1/15/2021,0.54,608
France,FRA,1/16/2021,0.56,623
France,FRA,1/17/2021,0.58,632
France,FRA,1/18/2021,0.69,722
France,FRA,1/19/2021,0.86,856
France,FRA,1/20/2021,1.05,997
France,FRA,1/21/2021,1.25,1146
France,FRA,1/22/2021,1.41,1253
France,FRA,1/23/2021,1.47,1291
France,FRA,1/24/2021,1.48,1289
France,FRA,1/25/2021,1.58,1278
France,FRA,1/26/2021,1.72,1233
France,FRA,1/27/2021,1.86,1191
France,FRA,1/28/2021,2.02,1151
France,FRA,1/29/2021,2.14,1127
France,FRA,1/30/2021,2.18,1117
France,FRA,1/31/2021,2.19,1115
France,FRA,2/1/2021,2.27,1125
France,FRA,2/2/2021,2.38,1150
France,FRA,2/3/2021,2.49,1161
France,FRA,2/4/2021,2.61,1190
France,FRA,2/5/2021,2.72,1226
France,FRA,2/6/2021,2.75,1230
France,FRA,2/7/2021,2.76,1235
France,FRA,2/8/2021,2.83,1280
France,FRA,2/9/2021,2.93,1347
France,FRA,2/10/2021,3.04,1426
Germany,DEU,12/27/2020,0.03,
Germany,DEU,12/28/2020,0.05,237
Germany,DEU,12/29/2020,0.1,378
Germany,DEU,12/30/2020,0.17,482
Germany,DEU,12/31/2020,0.22,475
Germany,DEU,1/1/2021,0.25,438
Germany,DEU,1/2/2021,0.31,467
Germany,DEU,1/3/2021,0.34,444
Germany,DEU,1/4/2021,0.4,493
Germany,DEU,1/5/2021,0.46,508
Germany,DEU,1/6/2021,0.53,509
Germany,DEU,1/7/2021,0.6,544
Germany,DEU,1/8/2021,0.67,605
Germany,DEU,1/9/2021,0.74,614
Germany,DEU,1/10/2021,0.78,627
Germany,DEU,1/11/2021,0.86,656
Germany,DEU,1/12/2021,0.95,706
Germany,DEU,1/13/2021,1.07,775
Germany,DEU,1/14/2021,1.19,846
Germany,DEU,1/15/2021,1.3,902
Germany,DEU,1/16/2021,1.37,903
Germany,DEU,1/17/2021,1.41,922
Germany,DEU,1/18/2021,1.48,937
Germany,DEU,1/19/2021,1.56,958
Germany,DEU,1/20/2021,1.65,1008
Germany,DEU,1/21/2021,1.72,998
Germany,DEU,1/22/2021,1.82,1034
Germany,DEU,1/23/2021,1.88,1093
Germany,DEU,1/24/2021,1.92,1129
Germany,DEU,1/25/2021,1.99,1167
Germany,DEU,1/26/2021,2.05,1180
Germany,DEU,1/27/2021,2.12,1153
Germany,DEU,1/28/2021,2.18,1162
Germany,DEU,1/29/2021,2.25,1153
Germany,DEU,1/30/2021,2.29,1143
Germany,DEU,1/31/2021,2.33,1138
Germany,DEU,2/1/2021,2.39,1166
Germany,DEU,2/2/2021,2.46,1205
Germany,DEU,2/3/2021,2.52,1248
Germany,DEU,2/4/2021,2.59,1304
Germany,DEU,2/5/2021,2.66,1337
Germany,DEU,2/6/2021,2.72,1362
Germany,DEU,2/7/2021,2.76,1356
Germany,DEU,2/8/2021,2.82,1328
Germany,DEU,2/9/2021,2.89,1331
Germany,DEU,2/10/2021,2.97,1317
Gibraltar,GIB,1/10/2021,1.25,
Gibraltar,GIB,1/11/2021,4.29,30424
Gibraltar,GIB,1/12/2021,7.42,30869
Gibraltar,GIB,1/13/2021,,29266
Gibraltar,GIB,1/14/2021,,28465
Gibraltar,GIB,1/15/2021,15.24,27990
Gibraltar,GIB,1/16/2021,17.35,26832
Gibraltar,GIB,1/17/2021,17.35,23003
Gibraltar,GIB,1/18/2021,19.1,21163
Gibraltar,GIB,1/19/2021,20.83,19145
Gibraltar,GIB,1/20/2021,20.83,15434
Gibraltar,GIB,1/21/2021,23.59,15642
Gibraltar,GIB,1/22/2021,26.35,15880
Gibraltar,GIB,1/23/2021,29.11,16800
Gibraltar,GIB,1/24/2021,30.69,19056
Gibraltar,GIB,1/25/2021,31.28,17393
Gibraltar,GIB,1/26/2021,32.87,17186
Gibraltar,GIB,1/27/2021,32.87,19471
Gibraltar,GIB,1/28/2021,36.6,18581
Gibraltar,GIB,1/29/2021,38.19,16918
Gibraltar,GIB,1/30/2021,38.19,12971
Gibraltar,GIB,1/31/2021,38.25,12496
Gibraltar,GIB,2/1/2021,38.51,15939
Gibraltar,GIB,2/2/2021,38.8,18313
Gibraltar,GIB,2/3/2021,39.08,19382
Gibraltar,GIB,2/4/2021,39.32,20599
Gibraltar,GIB,2/5/2021,39.77,22944
Gibraltar,GIB,2/6/2021,40.07,26328
Gibraltar,GIB,2/7/2021,40.07,24547
Gibraltar,GIB,2/8/2021,41.27,24369
Gibraltar,GIB,2/9/2021,42.45,23864
Gibraltar,GIB,2/10/2021,45.3,24695
Greece,GRC,12/28/2020,0,
Greece,GRC,12/29/2020,0.01,60
Greece,GRC,12/30/2020,0.02,61
Greece,GRC,12/31/2020,0.02,61
Greece,GRC,1/1/2021,0.02,52
Greece,GRC,1/2/2021,0.03,52
Greece,GRC,1/3/2021,0.04,55
Greece,GRC,1/4/2021,0.1,135
Greece,GRC,1/5/2021,0.16,213
Greece,GRC,1/6/2021,0.2,259
Greece,GRC,1/7/2021,0.25,330
Greece,GRC,1/8/2021,0.34,448
Greece,GRC,1/9/2021,0.39,511
Greece,GRC,1/10/2021,0.43,559
Greece,GRC,1/11/2021,0.48,544
Greece,GRC,1/12/2021,0.54,546
Greece,GRC,1/13/2021,0.62,607
Greece,GRC,1/14/2021,0.68,610
Greece,GRC,1/15/2021,0.72,550
Greece,GRC,1/16/2021,0.77,548
Greece,GRC,1/17/2021,,528
Greece,GRC,1/18/2021,0.82,491
Greece,GRC,1/19/2021,0.9,521
Greece,GRC,1/20/2021,1.04,615
Greece,GRC,1/21/2021,1.19,753
Greece,GRC,1/22/2021,1.36,938
Greece,GRC,1/23/2021,1.51,1092
Greece,GRC,1/24/2021,,1191
Greece,GRC,1/25/2021,1.65,1289
Greece,GRC,1/26/2021,1.77,1416
Greece,GRC,1/27/2021,1.9,1456
Greece,GRC,1/28/2021,2.02,1485
Greece,GRC,1/29/2021,2.12,1501
Greece,GRC,1/30/2021,2.23,1524
Greece,GRC,1/31/2021,,1542
Greece,GRC,2/1/2021,2.37,1561
Greece,GRC,2/2/2021,2.51,1616
Greece,GRC,2/3/2021,2.65,1673
Greece,GRC,2/4/2021,2.79,1719
Greece,GRC,2/5/2021,2.94,1737
Greece,GRC,2/6/2021,3.05,1735
Greece,GRC,2/7/2021,,1715
Greece,GRC,2/8/2021,3.19,1696
Greece,GRC,2/9/2021,3.31,1675
Greece,GRC,2/10/2021,3.39,1664
Greece,GRC,2/11/2021,3.46,1682
Greenland,GRL,1/27/2021,4.55,
Guernsey,GGY,1/24/2021,9.17,
Guernsey,GGY,1/25/2021,,3758
Guernsey,GGY,1/26/2021,,3758
Guernsey,GGY,1/27/2021,,3758
Guernsey,GGY,1/28/2021,,3758
Guernsey,GGY,1/29/2021,,3758
Guernsey,GGY,1/30/2021,,3758
Guernsey,GGY,1/31/2021,,3758
Guernsey,GGY,2/1/2021,,3758
Guernsey,GGY,2/2/2021,,3758
Guernsey,GGY,2/3/2021,,3758
Guernsey,GGY,2/4/2021,,3758
Guernsey,GGY,2/5/2021,,3758
Guernsey,GGY,2/6/2021,,3758
Hungary,HUN,12/28/2020,,
Hungary,HUN,12/29/2020,,142
Hungary,HUN,12/30/2020,,140
Hungary,HUN,12/31/2020,,139
Hungary,HUN,1/1/2021,,163
Hungary,HUN,1/2/2021,,178
Hungary,HUN,1/3/2021,,188
Hungary,HUN,1/4/2021,,206
Hungary,HUN,1/5/2021,,274
Hungary,HUN,1/6/2021,,410
Hungary,HUN,1/7/2021,,554
Hungary,HUN,1/8/2021,,660
Hungary,HUN,1/9/2021,,766
Hungary,HUN,1/10/2021,,873
Hungary,HUN,1/11/2021,,940
Hungary,HUN,1/12/2021,,975
Hungary,HUN,1/13/2021,,955
Hungary,HUN,1/14/2021,,934
Hungary,HUN,1/15/2021,,899
Hungary,HUN,1/16/2021,,864
Hungary,HUN,1/17/2021,,772
Hungary,HUN,1/18/2021,1.34,780
Hungary,HUN,1/19/2021,1.35,685
Hungary,HUN,1/20/2021,1.39,628
Hungary,HUN,1/21/2021,1.44,578
Hungary,HUN,1/22/2021,1.48,551
Hungary,HUN,1/23/2021,1.5,495
Hungary,HUN,1/24/2021,1.52,487
Hungary,HUN,1/25/2021,1.55,458
Hungary,HUN,1/26/2021,1.58,550
Hungary,HUN,1/27/2021,1.67,723
Hungary,HUN,1/28/2021,1.81,1009
Hungary,HUN,1/29/2021,2.05,1446
Hungary,HUN,1/30/2021,2.3,1855
Hungary,HUN,1/31/2021,2.46,2115
Hungary,HUN,2/1/2021,2.52,2209
Hungary,HUN,2/2/2021,2.56,2245
Hungary,HUN,2/3/2021,2.58,2168
Hungary,HUN,2/4/2021,2.74,2134
Hungary,HUN,2/5/2021,2.89,1969
Hungary,HUN,2/6/2021,2.96,1668
Hungary,HUN,2/7/2021,2.99,1442
Hungary,HUN,2/8/2021,3.02,1333
Hungary,HUN,2/9/2021,3.03,1241
Hungary,HUN,2/10/2021,3.05,1151
Hungary,HUN,2/11/2021,3.21,1091
Iceland,ISL,12/30/2020,1.43,
Iceland,ISL,12/31/2020,,185
Iceland,ISL,1/1/2021,,185
Iceland,ISL,1/2/2021,,185
Iceland,ISL,1/3/2021,,185
Iceland,ISL,1/4/2021,,185
Iceland,ISL,1/5/2021,,185
Iceland,ISL,1/6/2021,,185
Iceland,ISL,1/7/2021,,185
Iceland,ISL,1/8/2021,,185
Iceland,ISL,1/9/2021,,185
Iceland,ISL,1/10/2021,,185
Iceland,ISL,1/11/2021,,185
Iceland,ISL,1/12/2021,,185
Iceland,ISL,1/13/2021,,185
Iceland,ISL,1/14/2021,,185
Iceland,ISL,1/15/2021,,185
Iceland,ISL,1/16/2021,,185
Iceland,ISL,1/17/2021,,185
Iceland,ISL,1/18/2021,,185
Iceland,ISL,1/19/2021,,185
Iceland,ISL,1/20/2021,1.68,185
Iceland,ISL,1/21/2021,,914
Iceland,ISL,1/22/2021,,1641
Iceland,ISL,1/23/2021,,2371
Iceland,ISL,1/24/2021,,3097
Iceland,ISL,1/25/2021,3.06,3827
Iceland,ISL,1/26/2021,,3862
Iceland,ISL,1/27/2021,3.14,3900
Iceland,ISL,1/28/2021,,3232
Iceland,ISL,1/29/2021,,2561
Iceland,ISL,1/30/2021,,1893
Iceland,ISL,1/31/2021,,1222
Iceland,ISL,2/1/2021,,554
Iceland,ISL,2/2/2021,,577
Iceland,ISL,2/3/2021,3.55,598
Iceland,ISL,2/4/2021,,630
Iceland,ISL,2/5/2021,3.71,662
Iceland,ISL,2/6/2021,,598
Iceland,ISL,2/7/2021,,533
Iceland,ISL,2/8/2021,3.75,466
India,IND,1/15/2021,,
India,IND,1/16/2021,,139
India,IND,1/17/2021,,81
India,IND,1/18/2021,,110
India,IND,1/19/2021,,122
India,IND,1/20/2021,,117
India,IND,1/21/2021,,126
India,IND,1/22/2021,,144
India,IND,1/23/2021,,144
India,IND,1/24/2021,,144
India,IND,1/25/2021,,163
India,IND,1/26/2021,,140
India,IND,1/27/2021,,160
India,IND,1/28/2021,,195
India,IND,1/29/2021,,218
India,IND,1/30/2021,,224
India,IND,1/31/2021,,222
India,IND,2/1/2021,,199
India,IND,2/2/2021,,218
India,IND,2/3/2021,,217
India,IND,2/4/2021,,210
India,IND,2/5/2021,,198
India,IND,2/6/2021,,210
India,IND,2/7/2021,,213
India,IND,2/8/2021,,239
India,IND,2/9/2021,,256
India,IND,2/10/2021,,266
India,IND,2/11/2021,,264
Indonesia,IDN,1/12/2021,,
Indonesia,IDN,1/13/2021,,48
Indonesia,IDN,1/14/2021,,48
Indonesia,IDN,1/15/2021,,48
Indonesia,IDN,1/16/2021,,48
Indonesia,IDN,1/17/2021,,48
Indonesia,IDN,1/18/2021,,48
Indonesia,IDN,1/19/2021,,48
Indonesia,IDN,1/20/2021,,48
Indonesia,IDN,1/21/2021,,48
Indonesia,IDN,1/22/2021,,48
Indonesia,IDN,1/23/2021,,46
Indonesia,IDN,1/24/2021,,43
Indonesia,IDN,1/25/2021,,43
Indonesia,IDN,1/26/2021,,80
Indonesia,IDN,1/27/2021,,106
Indonesia,IDN,1/28/2021,0.13,133
Indonesia,IDN,1/29/2021,0.15,148
Indonesia,IDN,1/30/2021,0.18,189
Indonesia,IDN,1/31/2021,0.18,191
Indonesia,IDN,2/1/2021,0.2,216
Indonesia,IDN,2/2/2021,0.22,210
Indonesia,IDN,2/3/2021,0.24,214
Indonesia,IDN,2/4/2021,0.26,221
Indonesia,IDN,2/5/2021,0.27,235
Indonesia,IDN,2/6/2021,0.28,215
Indonesia,IDN,2/7/2021,0.29,213
Indonesia,IDN,2/8/2021,0.3,215
Indonesia,IDN,2/9/2021,0.31,219
Indonesia,IDN,2/10/2021,0.35,277
Indonesia,IDN,2/11/2021,0.37,296
Iran,IRN,2/8/2021,0,
Iran,IRN,2/9/2021,0,36
Ireland,IRL,12/31/2020,,
Ireland,IRL,1/1/2021,,111
Ireland,IRL,1/2/2021,,111
Ireland,IRL,1/3/2021,,111
Ireland,IRL,1/4/2021,,111
Ireland,IRL,1/5/2021,,242
Ireland,IRL,1/6/2021,,329
Ireland,IRL,1/7/2021,,391
Ireland,IRL,1/8/2021,,613
Ireland,IRL,1/9/2021,,835
Ireland,IRL,1/10/2021,,1057
Ireland,IRL,1/11/2021,,1401
Ireland,IRL,1/12/2021,,1652
Ireland,IRL,1/13/2021,,1902
Ireland,IRL,1/14/2021,,1914
Ireland,IRL,1/15/2021,,1797
Ireland,IRL,1/16/2021,,1679
Ireland,IRL,1/17/2021,,1562
Ireland,IRL,1/18/2021,,1472
Ireland,IRL,1/19/2021,,1381
Ireland,IRL,1/20/2021,,1290
Ireland,IRL,1/21/2021,,1322
Ireland,IRL,1/22/2021,,1354
Ireland,IRL,1/23/2021,,1386
Ireland,IRL,1/24/2021,,1418
Ireland,IRL,1/25/2021,,1327
Ireland,IRL,1/26/2021,,1236
Ireland,IRL,1/27/2021,2.99,1146
Ireland,IRL,1/28/2021,,1270
Ireland,IRL,1/29/2021,,1395
Ireland,IRL,1/30/2021,,1519
Ireland,IRL,1/31/2021,3.05,1643
Ireland,IRL,2/1/2021,,1644
Ireland,IRL,2/2/2021,,1645
Ireland,IRL,2/3/2021,,1646
Ireland,IRL,2/4/2021,,1548
Ireland,IRL,2/5/2021,3.06,1450
Ireland,IRL,2/6/2021,,1314
Ireland,IRL,2/7/2021,3.11,1177
Ireland,IRL,2/8/2021,3.14,1081
Isle of Man,IMN,1/21/2021,,
Isle of Man,IMN,1/22/2021,,1058
Isle of Man,IMN,1/23/2021,,1623
Isle of Man,IMN,1/24/2021,,1823
Isle of Man,IMN,1/25/2021,4.58,1917
Isle of Man,IMN,1/26/2021,4.99,3128
Isle of Man,IMN,1/27/2021,5.35,3975
Isle of Man,IMN,1/28/2021,6.17,4575
Isle of Man,IMN,1/29/2021,6.86,5398
Isle of Man,IMN,1/30/2021,,5692
Isle of Man,IMN,1/31/2021,,5974
Isle of Man,IMN,2/1/2021,,6268
Isle of Man,IMN,2/2/2021,8.09,5739
Isle of Man,IMN,2/3/2021,8.69,6680
Isle of Man,IMN,2/4/2021,9.44,6609
Isle of Man,IMN,2/5/2021,9.46,5657
Isle of Man,IMN,2/6/2021,10.19,6104
Isle of Man,IMN,2/7/2021,10.66,6162
Isle of Man,IMN,2/8/2021,11.13,6233
Isle of Man,IMN,2/9/2021,11.14,6256
Isle of Man,IMN,2/10/2021,11.15,4833
Isle of Man,IMN,2/11/2021,11.16,4375
Israel,ISR,12/19/2020,0,
Israel,ISR,12/20/2020,0.09,848
Israel,ISR,12/21/2020,0.37,1860
Israel,ISR,12/22/2020,0.89,2957
Israel,ISR,12/23/2020,1.61,4026
Israel,ISR,12/24/2020,2.46,4914
Israel,ISR,12/25/2020,2.9,4837
Israel,ISR,12/26/2020,3.28,4685
Israel,ISR,12/27/2020,4.49,6290
Israel,ISR,12/28/2020,6.05,8106
Israel,ISR,12/29/2020,7.85,9948
Israel,ISR,12/30/2020,9.62,11438
Israel,ISR,12/31/2020,11.46,12854
Israel,ISR,1/1/2021,12.29,13404
Israel,ISR,1/2/2021,13.12,14055
Israel,ISR,1/3/2021,14.85,14808
Israel,ISR,1/4/2021,16.61,15087
Israel,ISR,1/5/2021,18.06,14586
Israel,ISR,1/6/2021,19.26,13776
Israel,ISR,1/7/2021,20.6,13067
Israel,ISR,1/8/2021,21.37,12979
Israel,ISR,1/9/2021,21.89,12526
Israel,ISR,1/10/2021,22.32,10768
Israel,ISR,1/11/2021,22.56,8923
Israel,ISR,1/12/2021,22.84,7828
Israel,ISR,1/13/2021,23.44,7902
Israel,ISR,1/14/2021,24.08,8041
Israel,ISR,1/15/2021,24.44,8044
Israel,ISR,1/16/2021,24.78,8223
Israel,ISR,1/17/2021,25.57,10018
Israel,ISR,1/18/2021,26.38,12480
Israel,ISR,1/19/2021,27.22,14956
Israel,ISR,1/20/2021,28.11,16786
Israel,ISR,1/21/2021,28.91,18567
Israel,ISR,1/22/2021,29.35,19252
Israel,ISR,1/23/2021,29.81,19871
Israel,ISR,1/24/2021,30.6,20793
Israel,ISR,1/25/2021,31.53,21282
Israel,ISR,1/26/2021,32.42,21166
Israel,ISR,1/27/2021,33.32,20874
Israel,ISR,1/28/2021,34.23,20485
Israel,ISR,1/29/2021,34.66,20364
Israel,ISR,1/30/2021,35.05,20096
Israel,ISR,1/31/2021,35.89,18839
Israel,ISR,2/1/2021,36.84,17160
Israel,ISR,2/2/2021,37.65,15472
Israel,ISR,2/3/2021,38.32,13928
Israel,ISR,2/4/2021,39.15,12597
Israel,ISR,2/5/2021,39.54,11959
Israel,ISR,2/6/2021,39.78,11390
Israel,ISR,2/7/2021,40.39,11171
Israel,ISR,2/8/2021,41.06,11264
Israel,ISR,2/9/2021,41.81,11765
Israel,ISR,2/10/2021,42.6,12276
Israel,ISR,2/11/2021,43.51,12584
Italy,ITA,12/27/2020,0.01,
Italy,ITA,12/28/2020,0.01,16
Italy,ITA,12/29/2020,0.01,16
Italy,ITA,12/30/2020,0.02,36
Italy,ITA,12/31/2020,0.06,131
Italy,ITA,1/1/2021,0.08,142
Italy,ITA,1/2/2021,0.15,224
Italy,ITA,1/3/2021,0.2,275
Italy,ITA,1/4/2021,0.32,434
Italy,ITA,1/5/2021,0.45,620
Italy,ITA,1/6/2021,0.56,762
Italy,ITA,1/7/2021,0.71,919
Italy,ITA,1/8/2021,0.87,1118
Italy,ITA,1/9/2021,1.01,1232
Italy,ITA,1/10/2021,1.11,1291
Italy,ITA,1/11/2021,1.24,1320
Italy,ITA,1/12/2021,1.38,1324
Italy,ITA,1/13/2021,1.53,1390
Italy,ITA,1/14/2021,1.68,1391
Italy,ITA,1/15/2021,1.83,1374
Italy,ITA,1/16/2021,1.93,1321
Italy,ITA,1/17/2021,1.99,1264
Italy,ITA,1/18/2021,2.05,1172
Italy,ITA,1/19/2021,2.1,1056
Italy,ITA,1/20/2021,2.14,906
Italy,ITA,1/21/2021,2.17,769
Italy,ITA,1/22/2021,2.19,622
Italy,ITA,1/23/2021,2.19,560
Italy,ITA,1/24/2021,2.2,555
Italy,ITA,1/25/2021,2.21,617
Italy,ITA,1/26/2021,2.21,730
Italy,ITA,1/27/2021,2.22,826
Italy,ITA,1/28/2021,2.23,963
Italy,ITA,1/29/2021,2.24,1130
Italy,ITA,1/30/2021,2.24,1251
Italy,ITA,1/31/2021,2.25,1311
Italy,ITA,2/1/2021,2.26,1349
Italy,ITA,2/2/2021,2.27,1365
Italy,ITA,2/3/2021,2.28,1430
Italy,ITA,2/4/2021,2.3,1458
Italy,ITA,2/5/2021,2.33,1470
Italy,ITA,2/6/2021,2.35,1435
Italy,ITA,2/7/2021,2.37,1390
Italy,ITA,2/8/2021,2.41,1343
Italy,ITA,2/9/2021,2.47,1289
Italy,ITA,2/10/2021,2.54,1218
Italy,ITA,2/11/2021,2.62,1123
Jersey,JEY,1/24/2021,8.25,
Jersey,JEY,1/25/2021,,4878
Jersey,JEY,1/26/2021,,4878
Jersey,JEY,1/27/2021,,4878
Jersey,JEY,1/28/2021,,4878
Jersey,JEY,1/29/2021,,4878
Jersey,JEY,1/30/2021,,4878
Jersey,JEY,1/31/2021,11.58,4878
Jersey,JEY,2/1/2021,,5432
Jersey,JEY,2/2/2021,,5976
Jersey,JEY,2/3/2021,,6530
Jersey,JEY,2/4/2021,,7074
Jersey,JEY,2/5/2021,,7618
Jersey,JEY,2/6/2021,,8172
Jersey,JEY,2/7/2021,17.64,8716
Kuwait,KWT,12/28/2020,,
Kuwait,KWT,12/29/2020,,262
Kuwait,KWT,12/30/2020,,262
Kuwait,KWT,12/31/2020,,262
Kuwait,KWT,1/1/2021,,262
Kuwait,KWT,1/2/2021,,262
Kuwait,KWT,1/3/2021,,262
Kuwait,KWT,1/4/2021,,262
Kuwait,KWT,1/5/2021,,262
Kuwait,KWT,1/6/2021,,262
Kuwait,KWT,1/7/2021,,262
Kuwait,KWT,1/8/2021,,262
Kuwait,KWT,1/9/2021,,262
Kuwait,KWT,1/10/2021,,262
Kuwait,KWT,1/11/2021,,262
Kuwait,KWT,1/12/2021,,262
Kuwait,KWT,1/13/2021,,262
Kuwait,KWT,1/14/2021,,262
Kuwait,KWT,1/15/2021,,262
Kuwait,KWT,1/16/2021,,262
Kuwait,KWT,1/17/2021,,262
Kuwait,KWT,1/18/2021,,262
Kuwait,KWT,1/19/2021,,262
Kuwait,KWT,1/20/2021,,262
Kuwait,KWT,1/21/2021,,262
Kuwait,KWT,1/22/2021,,262
Kuwait,KWT,1/23/2021,,262
Kuwait,KWT,1/24/2021,,262
Kuwait,KWT,1/25/2021,,262
Kuwait,KWT,1/26/2021,,262
Latvia,LVA,12/28/2020,0.03,
Latvia,LVA,12/29/2020,0.08,
Latvia,LVA,12/30/2020,0.12,
Latvia,LVA,1/4/2021,0.16,
Latvia,LVA,1/5/2021,0.2,
Latvia,LVA,1/6/2021,0.25,
Latvia,LVA,1/7/2021,0.29,
Latvia,LVA,1/8/2021,0.34,
Latvia,LVA,1/9/2021,0.35,
Latvia,LVA,1/10/2021,0.37,
Latvia,LVA,1/11/2021,0.44,
Latvia,LVA,1/12/2021,0.53,
Latvia,LVA,1/13/2021,0.61,
Latvia,LVA,1/14/2021,0.71,
Latvia,LVA,1/15/2021,0.8,
Latvia,LVA,1/16/2021,0.84,
Latvia,LVA,1/17/2021,0.85,
Latvia,LVA,1/18/2021,0.86,
Latvia,LVA,1/19/2021,0.86,66
Latvia,LVA,1/20/2021,0.87,125
Latvia,LVA,1/21/2021,0.88,146
Latvia,LVA,1/22/2021,0.89,162
Latvia,LVA,1/23/2021,0.9,182
Latvia,LVA,1/24/2021,,202
Latvia,LVA,1/25/2021,0.9,222
Latvia,LVA,1/26/2021,0.9,220
Latvia,LVA,1/27/2021,0.9,223
Latvia,LVA,1/28/2021,0.9,261
Latvia,LVA,1/29/2021,0.91,318
Latvia,LVA,1/30/2021,0.91,321
Latvia,LVA,1/31/2021,,359
Latvia,LVA,2/1/2021,0.91,397
Latvia,LVA,2/2/2021,0.92,469
Latvia,LVA,2/3/2021,0.93,530
Latvia,LVA,2/4/2021,0.94,585
Latvia,LVA,2/5/2021,0.94,638
Latvia,LVA,2/6/2021,0.95,658
Latvia,LVA,2/7/2021,0.95,610
Latvia,LVA,2/8/2021,0.96,583
Latvia,LVA,2/9/2021,0.97,460
Latvia,LVA,2/10/2021,0.99,383
Latvia,LVA,2/11/2021,1.03,379
Liechtenstein,LIE,2/3/2021,,
Lithuania,LTU,12/27/2020,0.09,
Lithuania,LTU,12/28/2020,0.19,1023
Lithuania,LTU,12/29/2020,0.3,1060
Lithuania,LTU,12/30/2020,0.36,894
Lithuania,LTU,12/31/2020,0.36,673
Lithuania,LTU,1/1/2021,,548
Lithuania,LTU,1/2/2021,,464
Lithuania,LTU,1/3/2021,,404
Lithuania,LTU,1/4/2021,,264
Lithuania,LTU,1/5/2021,0.38,114
Lithuania,LTU,1/6/2021,0.51,217
Lithuania,LTU,1/7/2021,0.66,434
Lithuania,LTU,1/8/2021,0.85,699
Lithuania,LTU,1/9/2021,0.86,708
Lithuania,LTU,1/10/2021,0.86,702
Lithuania,LTU,1/11/2021,0.94,811
Lithuania,LTU,1/12/2021,1.02,914
Lithuania,LTU,1/13/2021,1.25,1053
Lithuania,LTU,1/14/2021,1.56,1288
Lithuania,LTU,1/15/2021,1.83,1398
Lithuania,LTU,1/16/2021,1.87,1439
Lithuania,LTU,1/17/2021,1.87,1498
Lithuania,LTU,1/18/2021,1.98,1618
Lithuania,LTU,1/19/2021,2.06,1838
Lithuania,LTU,1/20/2021,2.12,1698
Lithuania,LTU,1/21/2021,2.16,1326
Lithuania,LTU,1/22/2021,2.17,965
Lithuania,LTU,1/23/2021,2.17,908
Lithuania,LTU,1/24/2021,,851
Lithuania,LTU,1/25/2021,2.17,618
Lithuania,LTU,1/26/2021,2.26,451
Lithuania,LTU,1/27/2021,2.4,631
Lithuania,LTU,1/28/2021,2.53,920
Lithuania,LTU,1/29/2021,2.64,1320
Lithuania,LTU,1/30/2021,2.64,1352
Lithuania,LTU,1/31/2021,2.64,1350
Lithuania,LTU,2/1/2021,2.68,1498
Lithuania,LTU,2/2/2021,2.74,1538
Lithuania,LTU,2/3/2021,2.8,1525
Lithuania,LTU,2/4/2021,2.86,1666
Lithuania,LTU,2/5/2021,2.89,1623
Lithuania,LTU,2/6/2021,2.9,1628
Lithuania,LTU,2/7/2021,2.9,1633
Lithuania,LTU,2/8/2021,2.9,1619
Lithuania,LTU,2/9/2021,2.94,1560
Lithuania,LTU,2/10/2021,3.1,1524
Lithuania,LTU,2/11/2021,3.34,1422
Luxembourg,LUX,12/30/2020,0.19,
Luxembourg,LUX,12/31/2020,,99
Luxembourg,LUX,1/1/2021,,99
Luxembourg,LUX,1/2/2021,,99
Luxembourg,LUX,1/3/2021,,99
Luxembourg,LUX,1/4/2021,,99
Luxembourg,LUX,1/5/2021,,99
Luxembourg,LUX,1/6/2021,,99
Luxembourg,LUX,1/7/2021,,99
Luxembourg,LUX,1/8/2021,,99
Luxembourg,LUX,1/9/2021,,99
Luxembourg,LUX,1/10/2021,,99
Luxembourg,LUX,1/11/2021,0.31,99
Luxembourg,LUX,1/12/2021,0.38,182
Luxembourg,LUX,1/13/2021,0.46,283
Luxembourg,LUX,1/14/2021,0.52,351
Luxembourg,LUX,1/15/2021,,377
Luxembourg,LUX,1/16/2021,,403
Luxembourg,LUX,1/17/2021,0.6,428
Luxembourg,LUX,1/18/2021,0.73,599
Luxembourg,LUX,1/19/2021,0.85,666
Luxembourg,LUX,1/20/2021,0.99,759
Luxembourg,LUX,1/21/2021,1.1,835
Luxembourg,LUX,1/22/2021,,891
Luxembourg,LUX,1/23/2021,,946
Luxembourg,LUX,1/24/2021,,1000
Luxembourg,LUX,1/25/2021,1.17,909
Luxembourg,LUX,1/26/2021,1.32,965
Luxembourg,LUX,1/27/2021,1.45,971
Luxembourg,LUX,1/28/2021,1.58,1021
Luxembourg,LUX,1/29/2021,,1006
Luxembourg,LUX,1/30/2021,,994
Luxembourg,LUX,1/31/2021,1.72,979
Luxembourg,LUX,2/1/2021,1.81,1070
Luxembourg,LUX,2/2/2021,1.91,1078
Luxembourg,LUX,2/3/2021,2.01,1131
Luxembourg,LUX,2/4/2021,2.12,1152
Luxembourg,LUX,2/5/2021,,1163
Luxembourg,LUX,2/6/2021,,1176
Luxembourg,LUX,2/7/2021,2.23,1187
Luxembourg,LUX,2/8/2021,2.25,1118
Luxembourg,LUX,2/9/2021,2.27,1005
Luxembourg,LUX,2/10/2021,2.4,1030
Maldives,MDV,2/2/2021,,
Maldives,MDV,2/3/2021,,1291
Maldives,MDV,2/4/2021,,2150
Maldives,MDV,2/5/2021,,2090
Maldives,MDV,2/6/2021,,2764
Maldives,MDV,2/7/2021,,3282
Maldives,MDV,2/8/2021,,3717
Maldives,MDV,2/9/2021,,4063
Maldives,MDV,2/10/2021,,4912
Maldives,MDV,2/11/2021,,5846
Malta,MLT,12/28/2020,,
Malta,MLT,12/29/2020,,587
Malta,MLT,12/30/2020,,587
Malta,MLT,12/31/2020,,587
Malta,MLT,1/1/2021,,587
Malta,MLT,1/2/2021,,587
Malta,MLT,1/3/2021,,587
Malta,MLT,1/4/2021,,587
Malta,MLT,1/5/2021,,636
Malta,MLT,1/6/2021,,689
Malta,MLT,1/7/2021,,741
Malta,MLT,1/8/2021,,793
Malta,MLT,1/9/2021,,845
Malta,MLT,1/10/2021,,897
Malta,MLT,1/11/2021,,949
Malta,MLT,1/12/2021,,1187
Malta,MLT,1/13/2021,,1425
Malta,MLT,1/14/2021,,1665
Malta,MLT,1/15/2021,,1902
Malta,MLT,1/16/2021,,2124
Malta,MLT,1/17/2021,,2346
Malta,MLT,1/18/2021,,2632
Malta,MLT,1/19/2021,,2668
Malta,MLT,1/20/2021,,2632
Malta,MLT,1/21/2021,,2650
Malta,MLT,1/22/2021,,2677
Malta,MLT,1/23/2021,,2695
Malta,MLT,1/24/2021,4.25,2677
Malta,MLT,1/25/2021,4.46,2643
Malta,MLT,1/26/2021,4.68,2618
Malta,MLT,1/27/2021,4.85,2652
Malta,MLT,1/28/2021,5.02,2636
Malta,MLT,1/29/2021,5.18,2607
Malta,MLT,1/30/2021,5.3,2561
Malta,MLT,1/31/2021,,2369
Malta,MLT,2/1/2021,5.39,2131
Malta,MLT,2/2/2021,5.55,2145
Malta,MLT,2/3/2021,5.74,2181
Malta,MLT,2/4/2021,5.94,2249
Malta,MLT,2/5/2021,6.12,2478
Malta,MLT,2/6/2021,6.36,2856
Malta,MLT,2/7/2021,6.53,3327
Malta,MLT,2/8/2021,6.64,3721
Malta,MLT,2/9/2021,6.85,3975
Malta,MLT,2/10/2021,7.07,4233
Malta,MLT,2/11/2021,7.17,4194
Mauritius,MUS,1/25/2021,0,
Mauritius,MUS,1/26/2021,,24
Mauritius,MUS,1/27/2021,,24
Mauritius,MUS,1/28/2021,,24
Mauritius,MUS,1/29/2021,,24
Mauritius,MUS,1/30/2021,,24
Mauritius,MUS,1/31/2021,,24
Mauritius,MUS,2/1/2021,0.02,24
Mexico,MEX,12/24/2020,0,
Mexico,MEX,12/25/2020,,10
Mexico,MEX,12/26/2020,,10
Mexico,MEX,12/27/2020,0.01,10
Mexico,MEX,12/28/2020,0.01,13
Mexico,MEX,12/29/2020,0.01,24
Mexico,MEX,12/30/2020,0.02,29
Mexico,MEX,12/31/2020,,29
Mexico,MEX,1/1/2021,,31
Mexico,MEX,1/2/2021,,34
Mexico,MEX,1/3/2021,,37
Mexico,MEX,1/4/2021,0.03,38
Mexico,MEX,1/5/2021,0.04,33
Mexico,MEX,1/6/2021,0.04,31
Mexico,MEX,1/7/2021,0.05,33
Mexico,MEX,1/8/2021,0.05,39
Mexico,MEX,1/9/2021,0.06,43
Mexico,MEX,1/10/2021,0.06,46
Mexico,MEX,1/11/2021,0.07,48
Mexico,MEX,1/12/2021,0.07,49
Mexico,MEX,1/13/2021,0.15,154
Mexico,MEX,1/14/2021,0.26,301
Mexico,MEX,1/15/2021,0.32,388
Mexico,MEX,1/16/2021,0.36,430
Mexico,MEX,1/17/2021,0.36,433
Mexico,MEX,1/18/2021,0.38,449
Mexico,MEX,1/19/2021,0.38,449
Mexico,MEX,1/20/2021,0.38,342
Mexico,MEX,1/21/2021,0.41,246
Mexico,MEX,1/22/2021,0.46,219
Mexico,MEX,1/23/2021,0.46,172
Mexico,MEX,1/24/2021,0.47,174
Mexico,MEX,1/25/2021,0.48,169
Mexico,MEX,1/26/2021,0.48,171
Mexico,MEX,1/27/2021,0.48,172
Mexico,MEX,1/28/2021,0.49,117
Mexico,MEX,1/29/2021,0.49,53
Mexico,MEX,1/30/2021,0.49,57
Mexico,MEX,1/31/2021,0.49,48
Mexico,MEX,2/1/2021,0.48,33
Mexico,MEX,2/2/2021,0.48,28
Mexico,MEX,2/3/2021,0.48,34
Mexico,MEX,2/4/2021,0.49,41
Mexico,MEX,2/5/2021,0.49,42
Mexico,MEX,2/6/2021,0.49,44
Mexico,MEX,2/7/2021,0.49,45
Mexico,MEX,2/8/2021,0.5,47
Mexico,MEX,2/9/2021,0.5,52
Mexico,MEX,2/10/2021,0.5,42
Mexico,MEX,2/11/2021,0.5,34
Monaco,MCO,12/30/2020,,
Monaco,MCO,12/31/2020,,3211
Monaco,MCO,1/1/2021,,3211
Monaco,MCO,1/2/2021,,3211
Monaco,MCO,1/3/2021,,3211
Monaco,MCO,1/4/2021,,3211
Monaco,MCO,1/5/2021,,3211
Monaco,MCO,1/6/2021,,3211
Monaco,MCO,1/7/2021,,3211
Monaco,MCO,1/8/2021,,3211
Monaco,MCO,1/9/2021,,3211
Monaco,MCO,1/10/2021,,3211
Monaco,MCO,1/11/2021,,3211
Monaco,MCO,1/12/2021,,3211
Monaco,MCO,1/13/2021,,3211
Monaco,MCO,1/14/2021,,3211
Monaco,MCO,1/15/2021,,3211
Monaco,MCO,1/16/2021,,3211
Monaco,MCO,1/17/2021,,3211
Monaco,MCO,1/18/2021,,3211
Morocco,MAR,1/28/2021,,
Morocco,MAR,1/29/2021,,1219
Morocco,MAR,1/30/2021,,1219
Morocco,MAR,1/31/2021,,1138
Morocco,MAR,2/1/2021,,1355
Morocco,MAR,2/2/2021,,1394
Morocco,MAR,2/3/2021,,1393
Morocco,MAR,2/4/2021,,1361
Morocco,MAR,2/5/2021,,1406
Morocco,MAR,2/6/2021,,1447
Morocco,MAR,2/7/2021,,1475
Morocco,MAR,2/8/2021,,1355
Morocco,MAR,2/9/2021,,1385
Morocco,MAR,2/10/2021,,1694
Morocco,MAR,2/11/2021,,1949
Myanmar,MMR,1/26/2021,,
Myanmar,MMR,1/27/2021,,70
Myanmar,MMR,1/28/2021,,187
Myanmar,MMR,1/29/2021,,226
Myanmar,MMR,1/30/2021,,246
Myanmar,MMR,1/31/2021,,257
Myanmar,MMR,2/1/2021,,265
Myanmar,MMR,2/2/2021,,271
Nepal,NPL,1/26/2021,,
Nepal,NPL,1/27/2021,,647
Nepal,NPL,1/28/2021,,647
Nepal,NPL,1/29/2021,,647
Nepal,NPL,1/30/2021,,647
Nepal,NPL,1/31/2021,,647
Nepal,NPL,2/1/2021,,647
Nepal,NPL,2/2/2021,,629
Nepal,NPL,2/3/2021,,611
Nepal,NPL,2/4/2021,,592
Netherlands,NLD,1/6/2021,,
Netherlands,NLD,1/7/2021,,525
Netherlands,NLD,1/8/2021,,613
Netherlands,NLD,1/9/2021,,467
Netherlands,NLD,1/10/2021,,409
Netherlands,NLD,1/11/2021,,344
Netherlands,NLD,1/12/2021,,379
Netherlands,NLD,1/13/2021,,342
Netherlands,NLD,1/14/2021,,300
Netherlands,NLD,1/15/2021,,233
Netherlands,NLD,1/16/2021,,300
Netherlands,NLD,1/17/2021,,359
Netherlands,NLD,1/18/2021,,410
Netherlands,NLD,1/19/2021,,395
Netherlands,NLD,1/20/2021,,442
Netherlands,NLD,1/21/2021,,554
Netherlands,NLD,1/22/2021,,667
Netherlands,NLD,1/23/2021,,624
Netherlands,NLD,1/24/2021,,580
Netherlands,NLD,1/25/2021,,552
Netherlands,NLD,1/26/2021,,523
Netherlands,NLD,1/27/2021,,495
Netherlands,NLD,1/28/2021,,384
Netherlands,NLD,1/29/2021,,274
Netherlands,NLD,1/30/2021,,260
Netherlands,NLD,1/31/2021,,247
Netherlands,NLD,2/1/2021,,810
Netherlands,NLD,2/2/2021,,1019
Netherlands,NLD,2/3/2021,,1204
Netherlands,NLD,2/4/2021,,1392
Netherlands,NLD,2/5/2021,,1573
Netherlands,NLD,2/6/2021,,1759
Netherlands,NLD,2/7/2021,,1983
Netherlands,NLD,2/8/2021,,1391
Netherlands,NLD,2/9/2021,,1310
Netherlands,NLD,2/10/2021,,1305
Netherlands,NLD,2/11/2021,,1326
Northern Cyprus,OWID_NCY,1/14/2021,,
Northern Cyprus,OWID_NCY,1/15/2021,,2601
Northern Cyprus,OWID_NCY,1/16/2021,,2601
Northern Cyprus,OWID_NCY,1/17/2021,,2601
Northern Cyprus,OWID_NCY,1/18/2021,,2601
Northern Cyprus,OWID_NCY,1/19/2021,,2601
Northern Cyprus,OWID_NCY,1/20/2021,,3043
Northern Cyprus,OWID_NCY,1/21/2021,,3359
Northern Cyprus,OWID_NCY,1/22/2021,,3739
Northern Ireland,,12/13/2020,0.19,
Northern Ireland,,12/14/2020,,939
Northern Ireland,,12/15/2020,,939
Northern Ireland,,12/16/2020,,939
Northern Ireland,,12/17/2020,,939
Northern Ireland,,12/18/2020,,939
Northern Ireland,,12/19/2020,,939
Northern Ireland,,12/20/2020,0.85,939
Northern Ireland,,12/21/2020,,966
Northern Ireland,,12/22/2020,,993
Northern Ireland,,12/23/2020,,1020
Northern Ireland,,12/24/2020,,1047
Northern Ireland,,12/25/2020,,1074
Northern Ireland,,12/26/2020,,1101
Northern Ireland,,12/27/2020,1.64,1127
Northern Ireland,,12/28/2020,,1085
Northern Ireland,,12/29/2020,,1041
Northern Ireland,,12/30/2020,,998
Northern Ireland,,12/31/2020,,955
Northern Ireland,,1/1/2021,,911
Northern Ireland,,1/2/2021,,869
Northern Ireland,,1/3/2021,2.15,825
Northern Ireland,,1/4/2021,,1246
Northern Ireland,,1/5/2021,,1667
Northern Ireland,,1/6/2021,,2088
Northern Ireland,,1/7/2021,,2509
Northern Ireland,,1/8/2021,,2930
Northern Ireland,,1/9/2021,,3351
Northern Ireland,,1/10/2021,4.12,3772
Northern Ireland,,1/11/2021,4.45,3801
Northern Ireland,,1/12/2021,4.83,4000
Northern Ireland,,1/13/2021,5.42,4400
Northern Ireland,,1/14/2021,6.05,4776
Northern Ireland,,1/15/2021,6.23,4504
Northern Ireland,,1/16/2021,6.36,4206
Northern Ireland,,1/17/2021,6.64,4133
Northern Ireland,,1/18/2021,7.02,4146
Northern Ireland,,1/19/2021,7.31,3858
Northern Ireland,,1/20/2021,7.62,3382
Northern Ireland,,1/21/2021,7.98,2996
Northern Ireland,,1/22/2021,8.15,2991
Northern Ireland,,1/23/2021,8.22,2849
Northern Ireland,,1/24/2021,8.43,2687
Northern Ireland,,1/25/2021,8.62,2390
Northern Ireland,,1/26/2021,8.88,2312
Northern Ireland,,1/27/2021,9.26,2465
Northern Ireland,,1/28/2021,10.36,3520
Northern Ireland,,1/29/2021,10.78,3861
Northern Ireland,,1/30/2021,11.33,4571
Northern Ireland,,1/31/2021,11.71,4833
Northern Ireland,,2/1/2021,12.33,5447
Northern Ireland,,2/2/2021,13.03,6093
Northern Ireland,,2/3/2021,13.93,6794
Northern Ireland,,2/4/2021,14.53,6117
Northern Ireland,,2/5/2021,15.31,6654
Northern Ireland,,2/6/2021,15.63,6352
Northern Ireland,,2/7/2021,16.03,6376
Northern Ireland,,2/8/2021,16.77,6554
Northern Ireland,,2/9/2021,17.62,6760
Northern Ireland,,2/10/2021,18.68,6987
Norway,NOR,12/27/2020,0,
Norway,NOR,12/28/2020,0.01,111
Norway,NOR,12/29/2020,0.03,154
Norway,NOR,12/30/2020,0.04,129
Norway,NOR,12/31/2020,0.04,100
Norway,NOR,1/1/2021,0.04,80
Norway,NOR,1/2/2021,0.04,67
Norway,NOR,1/3/2021,0.04,57
Norway,NOR,1/4/2021,0.04,42
Norway,NOR,1/5/2021,0.1,103
Norway,NOR,1/6/2021,0.27,330
Norway,NOR,1/7/2021,0.39,501
Norway,NOR,1/8/2021,0.42,544
Norway,NOR,1/9/2021,0.42,547
Norway,NOR,1/10/2021,0.43,550
Norway,NOR,1/11/2021,0.43,559
Norway,NOR,1/12/2021,0.51,582
Norway,NOR,1/13/2021,0.69,601
Norway,NOR,1/14/2021,0.85,650
Norway,NOR,1/15/2021,0.93,725
Norway,NOR,1/16/2021,0.94,741
Norway,NOR,1/17/2021,0.95,748
Norway,NOR,1/18/2021,0.97,780
Norway,NOR,1/19/2021,1.06,808
Norway,NOR,1/20/2021,1.24,832
Norway,NOR,1/21/2021,1.39,832
Norway,NOR,1/22/2021,1.45,801
Norway,NOR,1/23/2021,1.46,791
Norway,NOR,1/24/2021,1.46,783
Norway,NOR,1/25/2021,1.47,757
Norway,NOR,1/26/2021,1.51,732
Norway,NOR,1/27/2021,1.72,941
Norway,NOR,1/28/2021,1.92,1173
Norway,NOR,1/29/2021,1.99,1238
Norway,NOR,1/30/2021,1.99,1236
Norway,NOR,1/31/2021,1.99,1238
Norway,NOR,2/1/2021,1.99,1235
Norway,NOR,2/2/2021,2.11,1366
Norway,NOR,2/3/2021,2.55,1730
Norway,NOR,2/4/2021,3.02,2160
Norway,NOR,2/5/2021,3.21,2402
Norway,NOR,2/6/2021,3.22,2431
Norway,NOR,2/7/2021,3.22,2444
Norway,NOR,2/8/2021,3.23,2459
Norway,NOR,2/9/2021,3.32,2432
Norway,NOR,2/10/2021,3.67,2262
Oman,OMN,12/28/2020,0.03,
Oman,OMN,12/29/2020,0.07,322
Oman,OMN,12/30/2020,0.1,326
Oman,OMN,12/31/2020,0.13,313
Oman,OMN,1/1/2021,,252
Oman,OMN,1/2/2021,0.14,216
Oman,OMN,1/3/2021,0.17,232
Oman,OMN,1/4/2021,0.21,252
Oman,OMN,1/5/2021,0.25,263
Oman,OMN,1/6/2021,0.27,251
Oman,OMN,1/7/2021,0.29,235
Oman,OMN,1/8/2021,0.29,227
Oman,OMN,1/9/2021,0.29,218
Oman,OMN,1/10/2021,0.31,198
Oman,OMN,1/11/2021,0.36,211
Oman,OMN,1/12/2021,0.4,221
Oman,OMN,1/13/2021,0.45,245
Oman,OMN,1/14/2021,0.47,260
Oman,OMN,1/15/2021,,266
Oman,OMN,1/16/2021,0.49,273
Oman,OMN,1/17/2021,0.49,267
Oman,OMN,1/18/2021,0.49,237
Oman,OMN,1/19/2021,0.49,207
Oman,OMN,1/20/2021,0.49,190
Oman,OMN,1/21/2021,,160
Oman,OMN,1/22/2021,,163
Oman,OMN,1/23/2021,0.49,165
Oman,OMN,1/24/2021,0.49,205
Oman,OMN,1/25/2021,0.49,220
Oman,OMN,1/26/2021,0.49,228
Oman,OMN,1/27/2021,0.49,210
Oman,OMN,1/28/2021,,204
Oman,OMN,1/29/2021,,199
Oman,OMN,1/30/2021,,193
Oman,OMN,1/31/2021,,139
Oman,OMN,2/1/2021,,93
Oman,OMN,2/2/2021,,53
Oman,OMN,2/3/2021,,34
Oman,OMN,2/4/2021,,34
Oman,OMN,2/5/2021,,34
Oman,OMN,2/6/2021,,34
Oman,OMN,2/7/2021,,34
Oman,OMN,2/8/2021,0.53,34
Oman,OMN,2/9/2021,0.61,145
Oman,OMN,2/10/2021,0.73,314
Oman,OMN,2/11/2021,0.89,533
Panama,PAN,1/19/2021,,
Panama,PAN,1/20/2021,,149
Panama,PAN,1/21/2021,,316
Panama,PAN,1/22/2021,,393
Panama,PAN,1/23/2021,,324
Panama,PAN,1/24/2021,,298
Panama,PAN,1/25/2021,,255
Panama,PAN,1/26/2021,,248
Panama,PAN,1/27/2021,,262
Panama,PAN,1/28/2021,,198
Panama,PAN,1/29/2021,,122
Panama,PAN,1/30/2021,,105
Panama,PAN,1/31/2021,,78
Panama,PAN,2/1/2021,,131
Panama,PAN,2/2/2021,,149
Panama,PAN,2/3/2021,,126
Panama,PAN,2/4/2021,,123
Panama,PAN,2/5/2021,,121
Panama,PAN,2/6/2021,,121
Panama,PAN,2/7/2021,,121
Panama,PAN,2/8/2021,,63
Panama,PAN,2/9/2021,,14
Panama,PAN,2/10/2021,,3
Peru,PER,2/9/2021,0,
Peru,PER,2/10/2021,0.03,297
Peru,PER,2/11/2021,0.1,499
Poland,POL,12/28/2020,0.01,
Poland,POL,12/29/2020,0.02,114
Poland,POL,12/30/2020,0.1,453
Poland,POL,12/31/2020,0.13,402
Poland,POL,1/1/2021,,310
Poland,POL,1/2/2021,0.13,256
Poland,POL,1/3/2021,0.13,215
Poland,POL,1/4/2021,0.24,341
Poland,POL,1/5/2021,0.37,506
Poland,POL,1/6/2021,0.42,468
Poland,POL,1/7/2021,0.5,534
Poland,POL,1/8/2021,0.53,565
Poland,POL,1/9/2021,0.53,565
Poland,POL,1/10/2021,0.54,575
Poland,POL,1/11/2021,0.68,625
Poland,POL,1/12/2021,0.82,639
Poland,POL,1/13/2021,0.98,788
Poland,POL,1/14/2021,1.08,836
Poland,POL,1/15/2021,1.15,899
Poland,POL,1/16/2021,1.21,971
Poland,POL,1/17/2021,1.24,1006
Poland,POL,1/18/2021,1.3,896
Poland,POL,1/19/2021,1.4,874
Poland,POL,1/20/2021,1.5,840
Poland,POL,1/21/2021,1.6,885
Poland,POL,1/22/2021,1.69,934
Poland,POL,1/23/2021,1.73,920
Poland,POL,1/24/2021,1.74,898
Poland,POL,1/25/2021,1.85,1064
Poland,POL,1/26/2021,2.07,1375
Poland,POL,1/27/2021,2.27,1572
Poland,POL,1/28/2021,2.43,1706
Poland,POL,1/29/2021,2.5,1724
Poland,POL,1/30/2021,2.53,1720
Poland,POL,1/31/2021,2.58,1772
Poland,POL,2/1/2021,2.64,1716
Poland,POL,2/2/2021,2.78,1649
Poland,POL,2/3/2021,2.95,1711
Poland,POL,2/4/2021,3.09,1772
Poland,POL,2/5/2021,3.15,1799
Poland,POL,2/6/2021,3.17,1828
Poland,POL,2/7/2021,3.19,1811
Poland,POL,2/8/2021,,1825
Poland,POL,2/9/2021,3.41,1628
Poland,POL,2/10/2021,,1593
Poland,POL,2/11/2021,3.73,1612
Portugal,PRT,12/28/2020,0.05,
Portugal,PRT,12/29/2020,0.16,1164
Portugal,PRT,12/30/2020,0.26,1080
Portugal,PRT,12/31/2020,,762
Portugal,PRT,1/1/2021,,603
Portugal,PRT,1/2/2021,,508
Portugal,PRT,1/3/2021,0.31,444
Portugal,PRT,1/4/2021,,428
Portugal,PRT,1/5/2021,,308
Portugal,PRT,1/6/2021,0.41,213
Portugal,PRT,1/7/2021,,391
Portugal,PRT,1/8/2021,0.69,568
Portugal,PRT,1/9/2021,,622
Portugal,PRT,1/10/2021,,676
Portugal,PRT,1/11/2021,,702
Portugal,PRT,1/12/2021,,727
Portugal,PRT,1/13/2021,,752
Portugal,PRT,1/14/2021,,628
Portugal,PRT,1/15/2021,1.04,504
Portugal,PRT,1/16/2021,,644
Portugal,PRT,1/17/2021,,785
Portugal,PRT,1/18/2021,,925
Portugal,PRT,1/19/2021,,1065
Portugal,PRT,1/20/2021,,1205
Portugal,PRT,1/21/2021,,1345
Portugal,PRT,1/22/2021,,1485
Portugal,PRT,1/23/2021,,1563
Portugal,PRT,1/24/2021,,1495
Portugal,PRT,1/25/2021,,1426
Portugal,PRT,1/26/2021,2.21,1358
Portugal,PRT,1/27/2021,,1355
Portugal,PRT,1/28/2021,,1389
Portugal,PRT,1/29/2021,,1453
Portugal,PRT,1/30/2021,,1366
Portugal,PRT,1/31/2021,2.63,1314
Portugal,PRT,2/1/2021,2.65,1195
Portugal,PRT,2/2/2021,,1138
Portugal,PRT,2/3/2021,2.7,1016
Portugal,PRT,2/4/2021,2.74,956
Portugal,PRT,2/5/2021,,785
Portugal,PRT,2/6/2021,2.79,689
Portugal,PRT,2/7/2021,2.85,803
Portugal,PRT,2/8/2021,2.86,803
Portugal,PRT,2/9/2021,2.86,723
Portugal,PRT,2/10/2021,2.88,690
Portugal,PRT,2/11/2021,2.97,1009
Qatar,QAT,12/22/2020,,
Qatar,QAT,12/23/2020,,469
Qatar,QAT,12/24/2020,,469
Qatar,QAT,12/25/2020,,469
Qatar,QAT,12/26/2020,,469
Qatar,QAT,12/27/2020,,469
Qatar,QAT,12/28/2020,,469
Qatar,QAT,12/29/2020,,469
Qatar,QAT,12/30/2020,,469
Qatar,QAT,12/31/2020,,469
Qatar,QAT,1/1/2021,,469
Qatar,QAT,1/2/2021,,469
Qatar,QAT,1/3/2021,,469
Qatar,QAT,1/4/2021,,469
Qatar,QAT,1/5/2021,,469
Qatar,QAT,1/6/2021,,469
Qatar,QAT,1/7/2021,,469
Qatar,QAT,1/8/2021,,469
Qatar,QAT,1/9/2021,,469
Qatar,QAT,1/10/2021,,469
Qatar,QAT,1/11/2021,,469
Qatar,QAT,1/12/2021,,469
Qatar,QAT,1/13/2021,,469
Qatar,QAT,1/14/2021,,469
Qatar,QAT,1/15/2021,,469
Qatar,QAT,1/16/2021,,469
Qatar,QAT,1/17/2021,,469
Qatar,QAT,1/18/2021,,469
Qatar,QAT,1/19/2021,,469
Qatar,QAT,1/20/2021,,469
Qatar,QAT,1/21/2021,,469
Qatar,QAT,1/22/2021,,469
Qatar,QAT,1/23/2021,,469
Qatar,QAT,1/24/2021,,469
Qatar,QAT,1/25/2021,,469
Qatar,QAT,1/26/2021,,469
Qatar,QAT,1/27/2021,,469
Qatar,QAT,1/28/2021,,469
Romania,ROU,12/28/2020,0.01,
Romania,ROU,12/29/2020,0.01,37
Romania,ROU,12/30/2020,0.03,94
Romania,ROU,12/31/2020,0.05,142
Romania,ROU,1/1/2021,0.06,125
Romania,ROU,1/2/2021,0.07,116
Romania,ROU,1/3/2021,0.07,100
Romania,ROU,1/4/2021,0.13,174
Romania,ROU,1/5/2021,0.22,288
Romania,ROU,1/6/2021,0.3,393
Romania,ROU,1/7/2021,0.4,491
Romania,ROU,1/8/2021,0.48,602
Romania,ROU,1/9/2021,0.53,661
Romania,ROU,1/10/2021,0.56,703
Romania,ROU,1/11/2021,0.65,740
Romania,ROU,1/12/2021,0.73,734
Romania,ROU,1/13/2021,0.8,711
Romania,ROU,1/14/2021,0.87,677
Romania,ROU,1/15/2021,0.95,675
Romania,ROU,1/16/2021,1.02,696
Romania,ROU,1/17/2021,1.06,719
Romania,ROU,1/18/2021,1.21,817
Romania,ROU,1/19/2021,1.39,962
Romania,ROU,1/20/2021,1.57,1144
Romania,ROU,1/21/2021,1.76,1340
Romania,ROU,1/22/2021,1.95,1502
Romania,ROU,1/23/2021,2.11,1654
Romania,ROU,1/24/2021,2.25,1791
Romania,ROU,1/25/2021,2.39,1852
Romania,ROU,1/26/2021,2.54,1918
Romania,ROU,1/27/2021,2.67,1948
Romania,ROU,1/28/2021,2.78,1940
Romania,ROU,1/29/2021,2.88,1939
Romania,ROU,1/30/2021,2.97,1883
Romania,ROU,1/31/2021,3.04,1820
Romania,ROU,2/1/2021,3.11,1757
Romania,ROU,2/2/2021,3.17,1636
Romania,ROU,2/3/2021,3.22,1496
Romania,ROU,2/4/2021,3.27,1377
Romania,ROU,2/5/2021,3.32,1296
Romania,ROU,2/6/2021,3.37,1251
Romania,ROU,2/7/2021,3.41,1225
Romania,ROU,2/8/2021,3.44,1264
Romania,ROU,2/9/2021,3.47,1347
Romania,ROU,2/10/2021,3.49,1476
Romania,ROU,2/11/2021,3.51,1594
Russia,RUS,12/15/2020,0.02,
Russia,RUS,12/16/2020,,23
Russia,RUS,12/17/2020,,23
Russia,RUS,12/18/2020,,23
Russia,RUS,12/19/2020,,23
Russia,RUS,12/20/2020,,23
Russia,RUS,12/21/2020,,23
Russia,RUS,12/22/2020,0.04,23
Russia,RUS,12/23/2020,,86
Russia,RUS,12/24/2020,,150
Russia,RUS,12/25/2020,,213
Russia,RUS,12/26/2020,,276
Russia,RUS,12/27/2020,,339
Russia,RUS,12/28/2020,,403
Russia,RUS,12/29/2020,,466
Russia,RUS,12/30/2020,,466
Russia,RUS,12/31/2020,,466
Russia,RUS,1/1/2021,,466
Russia,RUS,1/2/2021,0.55,466
Russia,RUS,1/3/2021,,417
Russia,RUS,1/4/2021,,368
Russia,RUS,1/5/2021,,320
Russia,RUS,1/6/2021,,271
Russia,RUS,1/7/2021,,222
Russia,RUS,1/8/2021,,173
Russia,RUS,1/9/2021,,125
Russia,RUS,1/10/2021,,125
Russia,RUS,1/11/2021,,125
Russia,RUS,1/12/2021,,125
Russia,RUS,1/13/2021,0.69,125
Russia,RUS,1/14/2021,,208
Russia,RUS,1/15/2021,,292
Russia,RUS,1/16/2021,,375
Russia,RUS,1/17/2021,,459
Russia,RUS,1/18/2021,,543
Russia,RUS,1/19/2021,,626
Russia,RUS,1/20/2021,,710
Russia,RUS,1/21/2021,,710
Russia,RUS,1/22/2021,,710
Russia,RUS,1/23/2021,,710
Russia,RUS,1/24/2021,,710
Russia,RUS,1/25/2021,,710
Russia,RUS,1/26/2021,,710
Russia,RUS,1/27/2021,,710
Russia,RUS,1/28/2021,,710
Russia,RUS,1/29/2021,,710
Russia,RUS,1/30/2021,,710
Russia,RUS,1/31/2021,,710
Russia,RUS,2/1/2021,,710
Russia,RUS,2/2/2021,,710
Russia,RUS,2/3/2021,,710
Russia,RUS,2/4/2021,,710
Russia,RUS,2/5/2021,,710
Russia,RUS,2/6/2021,,710
Russia,RUS,2/7/2021,,710
Russia,RUS,2/8/2021,,710
Russia,RUS,2/9/2021,,710
Russia,RUS,2/10/2021,1.51,710
Saint Helena,SHN,2/3/2021,,
Saudi Arabia,SAU,1/6/2021,,
Saudi Arabia,SAU,1/7/2021,,1088
Saudi Arabia,SAU,1/8/2021,,689
Saudi Arabia,SAU,1/9/2021,,556
Saudi Arabia,SAU,1/10/2021,,490
Saudi Arabia,SAU,1/11/2021,,450
Saudi Arabia,SAU,1/12/2021,,469
Saudi Arabia,SAU,1/13/2021,,482
Saudi Arabia,SAU,1/14/2021,,407
Saudi Arabia,SAU,1/15/2021,,445
Saudi Arabia,SAU,1/16/2021,,484
Saudi Arabia,SAU,1/17/2021,,522
Saudi Arabia,SAU,1/18/2021,,514
Saudi Arabia,SAU,1/19/2021,,466
Saudi Arabia,SAU,1/20/2021,,419
Saudi Arabia,SAU,1/21/2021,,372
Saudi Arabia,SAU,1/22/2021,,325
Saudi Arabia,SAU,1/23/2021,,277
Saudi Arabia,SAU,1/24/2021,,230
Saudi Arabia,SAU,1/25/2021,,230
Saudi Arabia,SAU,1/26/2021,,230
Saudi Arabia,SAU,1/27/2021,,230
Saudi Arabia,SAU,1/28/2021,,230
Saudi Arabia,SAU,1/29/2021,,230
Saudi Arabia,SAU,1/30/2021,,264
Saudi Arabia,SAU,1/31/2021,,298
Saudi Arabia,SAU,2/1/2021,,332
Saudi Arabia,SAU,2/2/2021,,301
Saudi Arabia,SAU,2/3/2021,,270
Saudi Arabia,SAU,2/4/2021,,239
Saudi Arabia,SAU,2/5/2021,,208
Saudi Arabia,SAU,2/6/2021,,143
Saudi Arabia,SAU,2/7/2021,,77
Saudi Arabia,SAU,2/8/2021,,12
Saudi Arabia,SAU,2/9/2021,,11
Saudi Arabia,SAU,2/10/2021,,11
Saudi Arabia,SAU,2/11/2021,,11
Scotland,,12/13/2020,0.35,
Scotland,,12/14/2020,,1075
Scotland,,12/15/2020,,1075
Scotland,,12/16/2020,,1075
Scotland,,12/17/2020,,1075
Scotland,,12/18/2020,,1075
Scotland,,12/19/2020,,1075
Scotland,,12/20/2020,1.1,1075
Scotland,,12/21/2020,,1050
Scotland,,12/22/2020,,1025
Scotland,,12/23/2020,,1000
Scotland,,12/24/2020,,975
Scotland,,12/25/2020,,950
Scotland,,12/26/2020,,925
Scotland,,12/27/2020,1.73,900
Scotland,,12/28/2020,,851
Scotland,,12/29/2020,,802
Scotland,,12/30/2020,,753
Scotland,,12/31/2020,,705
Scotland,,1/1/2021,,656
Scotland,,1/2/2021,,607
Scotland,,1/3/2021,2.12,559
Scotland,,1/4/2021,,667
Scotland,,1/5/2021,,774
Scotland,,1/6/2021,,882
Scotland,,1/7/2021,,990
Scotland,,1/8/2021,,1098
Scotland,,1/9/2021,,1206
Scotland,,1/10/2021,2.99,1314
Scotland,,1/11/2021,3.22,1458
Scotland,,1/12/2021,3.51,1692
Scotland,,1/13/2021,3.81,1935
Scotland,,1/14/2021,4.12,2185
Scotland,,1/15/2021,,2351
Scotland,,1/16/2021,,2516
Scotland,,1/17/2021,4.85,2682
Scotland,,1/18/2021,5.21,2868
Scotland,,1/19/2021,5.67,3115
Scotland,,1/20/2021,6.13,3345
Scotland,,1/21/2021,6.56,3529
Scotland,,1/22/2021,6.97,3770
Scotland,,1/23/2021,7.4,4033
Scotland,,1/24/2021,7.6,3981
Scotland,,1/25/2021,8.02,4066
Scotland,,1/26/2021,8.46,4043
Scotland,,1/27/2021,9,4160
Scotland,,1/28/2021,9.44,4179
Scotland,,1/29/2021,9.95,4318
Scotland,,1/30/2021,10.36,4305
Scotland,,1/31/2021,10.54,4257
Scotland,,2/1/2021,11.18,4580
Scotland,,2/2/2021,11.88,4951
Scotland,,2/3/2021,12.71,5359
Scotland,,2/4/2021,13.59,5990
Scotland,,2/5/2021,14.39,6426
Scotland,,2/6/2021,15.36,7211
Scotland,,2/7/2021,15.87,7682
Scotland,,2/8/2021,16.99,8400
Scotland,,2/9/2021,18.04,8901
Scotland,,2/10/2021,19.2,9376
Serbia,SRB,1/8/2021,0.1,
Serbia,SRB,1/9/2021,,169
Serbia,SRB,1/10/2021,0.14,169
Serbia,SRB,1/11/2021,,221
Serbia,SRB,1/12/2021,,247
Serbia,SRB,1/13/2021,,262
Serbia,SRB,1/14/2021,0.27,273
Serbia,SRB,1/15/2021,,326
Serbia,SRB,1/16/2021,,395
Serbia,SRB,1/17/2021,,463
Serbia,SRB,1/18/2021,,510
Serbia,SRB,1/19/2021,,556
Serbia,SRB,1/20/2021,0.66,602
Serbia,SRB,1/21/2021,1.25,1400
Serbia,SRB,1/22/2021,1.76,2040
Serbia,SRB,1/23/2021,2.4,2864
Serbia,SRB,1/24/2021,3.2,3914
Serbia,SRB,1/25/2021,3.77,4634
Serbia,SRB,1/26/2021,4.7,5864
Serbia,SRB,1/27/2021,5.32,6660
Serbia,SRB,1/28/2021,5.9,6649
Serbia,SRB,1/29/2021,6.33,6530
Serbia,SRB,1/30/2021,6.43,5753
Serbia,SRB,1/31/2021,,5020
Serbia,SRB,2/1/2021,,4617
Serbia,SRB,2/2/2021,7.29,3705
Serbia,SRB,2/3/2021,7.55,3187
Serbia,SRB,2/4/2021,7.74,2632
Serbia,SRB,2/5/2021,7.91,2259
Serbia,SRB,2/6/2021,,2181
Serbia,SRB,2/7/2021,8,1833
Serbia,SRB,2/8/2021,,2095
Serbia,SRB,2/9/2021,,2358
Serbia,SRB,2/10/2021,8.71,2659
Serbia,SRB,2/11/2021,9.35,4040
Seychelles,SYC,1/9/2021,0,
Seychelles,SYC,1/10/2021,,5084
Seychelles,SYC,1/11/2021,,5084
Seychelles,SYC,1/12/2021,,5084
Seychelles,SYC,1/13/2021,2.03,5084
Seychelles,SYC,1/14/2021,,6101
Seychelles,SYC,1/15/2021,4.07,6783
Seychelles,SYC,1/16/2021,7.12,10169
Seychelles,SYC,1/17/2021,,11369
Seychelles,SYC,1/18/2021,,12569
Seychelles,SYC,1/19/2021,11.16,13769
Seychelles,SYC,1/20/2021,13.39,16219
Seychelles,SYC,1/21/2021,,17470
Seychelles,SYC,1/22/2021,17.18,18721
Seychelles,SYC,1/23/2021,18.66,16494
Seychelles,SYC,1/24/2021,,15680
Seychelles,SYC,1/25/2021,20.22,14877
Seychelles,SYC,1/26/2021,23.1,17053
Seychelles,SYC,1/27/2021,26.02,18050
Seychelles,SYC,1/28/2021,29.26,19982
Seychelles,SYC,1/29/2021,31.38,20297
Seychelles,SYC,1/30/2021,,20216
Seychelles,SYC,1/31/2021,,21141
Seychelles,SYC,2/1/2021,35.67,22066
Seychelles,SYC,2/2/2021,36.9,19717
Seychelles,SYC,2/3/2021,37.71,16718
Seychelles,SYC,2/4/2021,,13087
Seychelles,SYC,2/5/2021,,11074
Seychelles,SYC,2/6/2021,38.22,10037
Seychelles,SYC,2/7/2021,,9823
Seychelles,SYC,2/8/2021,38.35,9610
Seychelles,SYC,2/9/2021,38.36,11826
Seychelles,SYC,2/10/2021,38.36,15935
Singapore,SGP,1/11/2021,0.06,
Singapore,SGP,1/12/2021,0.11,479
Singapore,SGP,1/13/2021,,699
Singapore,SGP,1/14/2021,,773
Singapore,SGP,1/15/2021,,809
Singapore,SGP,1/16/2021,,831
Singapore,SGP,1/17/2021,,846
Singapore,SGP,1/18/2021,,857
Singapore,SGP,1/19/2021,,920
Singapore,SGP,1/20/2021,,920
Singapore,SGP,1/21/2021,,920
Singapore,SGP,1/22/2021,1.03,920
Singapore,SGP,1/23/2021,,1047
Singapore,SGP,1/24/2021,,1175
Singapore,SGP,1/25/2021,,1303
Singapore,SGP,1/26/2021,,1431
Singapore,SGP,1/27/2021,1.93,1558
Singapore,SGP,1/28/2021,,1683
Singapore,SGP,1/29/2021,,1808
Singapore,SGP,1/30/2021,,1806
Singapore,SGP,1/31/2021,2.65,1803
Singapore,SGP,2/1/2021,,1861
Singapore,SGP,2/2/2021,2.99,1918
Singapore,SGP,2/3/2021,,1888
Singapore,SGP,2/4/2021,,1861
Singapore,SGP,2/5/2021,,1833
Singapore,SGP,2/6/2021,,1806
Singapore,SGP,2/7/2021,,1778
Singapore,SGP,2/8/2021,,1690
Singapore,SGP,2/9/2021,,1602
Singapore,SGP,2/10/2021,4.27,1602
Slovakia,SVK,1/4/2021,0,
Slovakia,SVK,1/5/2021,0.01,78
Slovakia,SVK,1/6/2021,0.12,606
Slovakia,SVK,1/7/2021,0.25,834
Slovakia,SVK,1/8/2021,0.38,948
Slovakia,SVK,1/9/2021,0.41,817
Slovakia,SVK,1/10/2021,0.46,774
Slovakia,SVK,1/11/2021,0.54,770
Slovakia,SVK,1/12/2021,0.73,1035
Slovakia,SVK,1/13/2021,0.86,1050
Slovakia,SVK,1/14/2021,0.99,1060
Slovakia,SVK,1/15/2021,1.14,1082
Slovakia,SVK,1/16/2021,1.16,1075
Slovakia,SVK,1/17/2021,1.16,997
Slovakia,SVK,1/18/2021,1.31,1121
Slovakia,SVK,1/19/2021,1.45,1052
Slovakia,SVK,1/20/2021,1.58,1081
Slovakia,SVK,1/21/2021,1.7,1078
Slovakia,SVK,1/22/2021,1.82,1049
Slovakia,SVK,1/23/2021,1.83,1021
Slovakia,SVK,1/24/2021,1.83,1020
Slovakia,SVK,1/25/2021,1.95,1024
Slovakia,SVK,1/26/2021,2.08,1006
Slovakia,SVK,1/27/2021,2.2,984
Slovakia,SVK,1/28/2021,2.35,1047
Slovakia,SVK,1/29/2021,2.52,1178
Slovakia,SVK,1/30/2021,2.55,1208
Slovakia,SVK,1/31/2021,2.55,1215
Slovakia,SVK,2/1/2021,2.71,1288
Slovakia,SVK,2/2/2021,2.88,1420
Slovakia,SVK,2/3/2021,3.05,1541
Slovakia,SVK,2/4/2021,3.21,1665
Slovakia,SVK,2/5/2021,3.36,1750
Slovakia,SVK,2/6/2021,3.4,1786
Slovakia,SVK,2/7/2021,3.4,1783
Slovakia,SVK,2/8/2021,3.54,1768
Slovakia,SVK,2/9/2021,3.67,1832
Slovakia,SVK,2/10/2021,3.78,1852
Slovakia,SVK,2/11/2021,3.91,1828
Slovenia,SVN,12/27/2020,0.28,
Slovenia,SVN,12/28/2020,0.35,744
Slovenia,SVN,12/29/2020,0.41,637
Slovenia,SVN,12/30/2020,0.43,495
Slovenia,SVN,12/31/2020,0.51,576
Slovenia,SVN,1/1/2021,0.52,475
Slovenia,SVN,1/2/2021,0.54,428
Slovenia,SVN,1/3/2021,0.56,405
Slovenia,SVN,1/4/2021,0.62,374
Slovenia,SVN,1/5/2021,0.73,465
Slovenia,SVN,1/6/2021,0.98,785
Slovenia,SVN,1/7/2021,1.23,1028
Slovenia,SVN,1/8/2021,1.38,1238
Slovenia,SVN,1/9/2021,1.4,1227
Slovenia,SVN,1/10/2021,1.4,1189
Slovenia,SVN,1/11/2021,1.42,1147
Slovenia,SVN,1/12/2021,1.5,1102
Slovenia,SVN,1/13/2021,1.73,1071
Slovenia,SVN,1/14/2021,2.05,1166
Slovenia,SVN,1/15/2021,2.28,1273
Slovenia,SVN,1/16/2021,2.29,1279
Slovenia,SVN,1/17/2021,2.29,1279
Slovenia,SVN,1/18/2021,2.29,1261
Slovenia,SVN,1/19/2021,2.32,1289
Slovenia,SVN,1/20/2021,2.38,1281
Slovenia,SVN,1/21/2021,2.44,1127
Slovenia,SVN,1/22/2021,2.5,948
Slovenia,SVN,1/23/2021,2.51,975
Slovenia,SVN,1/24/2021,2.51,985
Slovenia,SVN,1/25/2021,2.51,970
Slovenia,SVN,1/26/2021,2.51,943
Slovenia,SVN,1/27/2021,2.53,961
Slovenia,SVN,1/28/2021,2.55,1067
Slovenia,SVN,1/29/2021,2.57,1227
Slovenia,SVN,1/30/2021,2.57,1185
Slovenia,SVN,1/31/2021,2.57,1175
Slovenia,SVN,2/1/2021,2.58,1177
Slovenia,SVN,2/2/2021,2.58,1131
Slovenia,SVN,2/3/2021,2.58,1124
Slovenia,SVN,2/4/2021,2.62,1220
Slovenia,SVN,2/5/2021,2.63,1292
Slovenia,SVN,2/6/2021,2.63,1327
Slovenia,SVN,2/7/2021,2.63,1327
Slovenia,SVN,2/8/2021,2.65,1351
Slovenia,SVN,2/9/2021,2.66,1282
Slovenia,SVN,2/10/2021,2.77,1175
Slovenia,SVN,2/11/2021,3.05,1141
Spain,ESP,1/4/2021,0.18,
Spain,ESP,1/5/2021,0.3,1209
Spain,ESP,1/6/2021,,968
Spain,ESP,1/7/2021,0.44,888
Spain,ESP,1/8/2021,0.59,1043
Spain,ESP,1/9/2021,,1017
Spain,ESP,1/10/2021,,1000
Spain,ESP,1/11/2021,0.87,988
Spain,ESP,1/12/2021,1.04,1066
Spain,ESP,1/13/2021,1.24,1248
Spain,ESP,1/14/2021,1.45,1433
Spain,ESP,1/15/2021,1.64,1500
Spain,ESP,1/16/2021,,1501
Spain,ESP,1/17/2021,,1502
Spain,ESP,1/18/2021,1.92,1503
Spain,ESP,1/19/2021,2.05,1460
Spain,ESP,1/20/2021,2.16,1358
Spain,ESP,1/21/2021,2.25,1305
Spain,ESP,1/22/2021,2.35,1213
Spain,ESP,1/23/2021,,1191
Spain,ESP,1/24/2021,2.46,1169
Spain,ESP,1/25/2021,2.5,1202
Spain,ESP,1/26/2021,2.53,1193
Spain,ESP,1/27/2021,2.57,1130
Spain,ESP,1/28/2021,2.61,1133
Spain,ESP,1/29/2021,,1080
Spain,ESP,1/30/2021,,1108
Spain,ESP,1/31/2021,2.68,1136
Spain,ESP,2/1/2021,2.68,1167
Spain,ESP,2/2/2021,2.71,1248
Spain,ESP,2/3/2021,2.74,1435
Spain,ESP,2/4/2021,2.79,1570
Spain,ESP,2/5/2021,,1552
Spain,ESP,2/6/2021,,1533
Spain,ESP,2/7/2021,2.82,1515
Spain,ESP,2/8/2021,2.84,1510
Spain,ESP,2/9/2021,2.87,1431
Spain,ESP,2/10/2021,2.95,1391
Sri Lanka,LKA,1/28/2021,,
Sri Lanka,LKA,1/29/2021,,247
Sri Lanka,LKA,1/30/2021,,883
Sri Lanka,LKA,1/31/2021,,921
Sri Lanka,LKA,2/1/2021,,1116
Sri Lanka,LKA,2/2/2021,,1109
Sri Lanka,LKA,2/3/2021,,1089
Sri Lanka,LKA,2/4/2021,,976
Sri Lanka,LKA,2/5/2021,,1008
Sri Lanka,LKA,2/6/2021,,816
Sri Lanka,LKA,2/7/2021,,685
Sri Lanka,LKA,2/8/2021,,482
Sri Lanka,LKA,2/9/2021,,370
Sri Lanka,LKA,2/10/2021,,246
Sweden,SWE,12/27/2020,0.02,
Sweden,SWE,12/28/2020,,174
Sweden,SWE,12/29/2020,,174
Sweden,SWE,12/30/2020,,174
Sweden,SWE,12/31/2020,,174
Sweden,SWE,1/1/2021,,174
Sweden,SWE,1/2/2021,,174
Sweden,SWE,1/3/2021,0.14,174
Sweden,SWE,1/4/2021,,216
Sweden,SWE,1/5/2021,,258
Sweden,SWE,1/6/2021,,300
Sweden,SWE,1/7/2021,,342
Sweden,SWE,1/8/2021,,384
Sweden,SWE,1/9/2021,,426
Sweden,SWE,1/10/2021,0.47,468
Sweden,SWE,1/11/2021,,545
Sweden,SWE,1/12/2021,,623
Sweden,SWE,1/13/2021,,700
Sweden,SWE,1/14/2021,,777
Sweden,SWE,1/15/2021,,855
Sweden,SWE,1/16/2021,,932
Sweden,SWE,1/17/2021,1.17,1009
Sweden,SWE,1/18/2021,,1085
Sweden,SWE,1/19/2021,,1160
Sweden,SWE,1/20/2021,,1235
Sweden,SWE,1/21/2021,,1311
Sweden,SWE,1/22/2021,,1386
Sweden,SWE,1/23/2021,,1462
Sweden,SWE,1/24/2021,2.16,1537
Sweden,SWE,1/25/2021,,1486
Sweden,SWE,1/26/2021,,1434
Sweden,SWE,1/27/2021,,1382
Sweden,SWE,1/28/2021,,1331
Sweden,SWE,1/29/2021,,1279
Sweden,SWE,1/30/2021,,1228
Sweden,SWE,1/31/2021,2.75,1176
Sweden,SWE,2/1/2021,,1043
Sweden,SWE,2/2/2021,,911
Sweden,SWE,2/3/2021,,778
Sweden,SWE,2/4/2021,2.73,645
Sweden,SWE,2/5/2021,2.84,809
Sweden,SWE,2/6/2021,,785
Sweden,SWE,2/7/2021,,762
Sweden,SWE,2/8/2021,,871
Sweden,SWE,2/9/2021,3.06,980
Sweden,SWE,2/10/2021,3.14,1198
Sweden,SWE,2/11/2021,3.28,1592
Switzerland,CHE,12/23/2020,,
Switzerland,CHE,12/24/2020,,347
Switzerland,CHE,12/25/2020,,347
Switzerland,CHE,12/26/2020,,347
Switzerland,CHE,12/27/2020,,347
Switzerland,CHE,12/28/2020,,347
Switzerland,CHE,12/29/2020,,347
Switzerland,CHE,12/30/2020,,347
Switzerland,CHE,12/31/2020,,347
Switzerland,CHE,1/1/2021,,347
Switzerland,CHE,1/2/2021,,347
Switzerland,CHE,1/3/2021,,347
Switzerland,CHE,1/4/2021,,347
Switzerland,CHE,1/5/2021,,347
Switzerland,CHE,1/6/2021,,347
Switzerland,CHE,1/7/2021,,347
Switzerland,CHE,1/8/2021,,347
Switzerland,CHE,1/9/2021,,347
Switzerland,CHE,1/10/2021,,347
Switzerland,CHE,1/11/2021,,347
Switzerland,CHE,1/12/2021,,347
Switzerland,CHE,1/13/2021,,347
Switzerland,CHE,1/14/2021,,347
Switzerland,CHE,1/15/2021,,442
Switzerland,CHE,1/16/2021,,538
Switzerland,CHE,1/17/2021,,634
Switzerland,CHE,1/18/2021,,730
Switzerland,CHE,1/19/2021,,825
Switzerland,CHE,1/20/2021,,1269
Switzerland,CHE,1/21/2021,,1713
Switzerland,CHE,1/22/2021,,1720
Switzerland,CHE,1/23/2021,,1726
Switzerland,CHE,1/24/2021,,1733
Switzerland,CHE,1/25/2021,,1801
Switzerland,CHE,1/26/2021,,1869
Switzerland,CHE,1/27/2021,,1590
Switzerland,CHE,1/28/2021,,1310
Switzerland,CHE,1/29/2021,,1372
Switzerland,CHE,1/30/2021,,1657
Switzerland,CHE,1/31/2021,,1942
Switzerland,CHE,2/1/2021,,2021
Switzerland,CHE,2/2/2021,,2101
Switzerland,CHE,2/3/2021,,2180
Switzerland,CHE,2/4/2021,,2150
Switzerland,CHE,2/5/2021,,2121
Switzerland,CHE,2/6/2021,,1868
Switzerland,CHE,2/7/2021,,1615
Turkey,TUR,1/13/2021,,
Turkey,TUR,1/14/2021,,3313
Turkey,TUR,1/15/2021,,3656
Turkey,TUR,1/16/2021,,2675
Turkey,TUR,1/17/2021,,2094
Turkey,TUR,1/18/2021,,1974
Turkey,TUR,1/19/2021,,1879
Turkey,TUR,1/20/2021,,1783
Turkey,TUR,1/21/2021,,1424
Turkey,TUR,1/22/2021,,992
Turkey,TUR,1/23/2021,,932
Turkey,TUR,1/24/2021,,912
Turkey,TUR,1/25/2021,,797
Turkey,TUR,1/26/2021,,779
Turkey,TUR,1/27/2021,,796
Turkey,TUR,1/28/2021,,978
Turkey,TUR,1/29/2021,,1230
Turkey,TUR,1/30/2021,,1243
Turkey,TUR,1/31/2021,,1256
Turkey,TUR,2/1/2021,,1412
Turkey,TUR,2/2/2021,,1387
Turkey,TUR,2/3/2021,,1390
Turkey,TUR,2/4/2021,,1361
Turkey,TUR,2/5/2021,,1070
Turkey,TUR,2/6/2021,,1086
Turkey,TUR,2/7/2021,,1057
Turkey,TUR,2/8/2021,,894
Turkey,TUR,2/9/2021,,853
Turkey,TUR,2/10/2021,,765
Turkey,TUR,2/11/2021,,585
United Arab Emirates,ARE,1/5/2021,,
United Arab Emirates,ARE,1/6/2021,,3104
United Arab Emirates,ARE,1/7/2021,,3104
United Arab Emirates,ARE,1/8/2021,,3884
United Arab Emirates,ARE,1/9/2021,,4905
United Arab Emirates,ARE,1/10/2021,8.46,5263
United Arab Emirates,ARE,1/11/2021,,5745
United Arab Emirates,ARE,1/12/2021,,6490
United Arab Emirates,ARE,1/13/2021,,7765
United Arab Emirates,ARE,1/14/2021,,9246
United Arab Emirates,ARE,1/15/2021,,10464
United Arab Emirates,ARE,1/16/2021,,11231
United Arab Emirates,ARE,1/17/2021,,11500
United Arab Emirates,ARE,1/18/2021,,11617
United Arab Emirates,ARE,1/19/2021,,11407
United Arab Emirates,ARE,1/20/2021,,11072
United Arab Emirates,ARE,1/21/2021,,10374
United Arab Emirates,ARE,1/22/2021,,9722
United Arab Emirates,ARE,1/23/2021,,9083
United Arab Emirates,ARE,1/24/2021,,8739
United Arab Emirates,ARE,1/25/2021,,8660
United Arab Emirates,ARE,1/26/2021,,8844
United Arab Emirates,ARE,1/27/2021,,8714
United Arab Emirates,ARE,1/28/2021,,8993
United Arab Emirates,ARE,1/29/2021,,9642
United Arab Emirates,ARE,1/30/2021,,9928
United Arab Emirates,ARE,1/31/2021,,12225
United Arab Emirates,ARE,2/1/2021,,12562
United Arab Emirates,ARE,2/2/2021,,11916
United Arab Emirates,ARE,2/3/2021,,11556
United Arab Emirates,ARE,2/4/2021,,14166
United Arab Emirates,ARE,2/5/2021,,14715
United Arab Emirates,ARE,2/6/2021,,15703
United Arab Emirates,ARE,2/7/2021,,14151
United Arab Emirates,ARE,2/8/2021,,14052
United Arab Emirates,ARE,2/9/2021,,14798
United Arab Emirates,ARE,2/10/2021,,16179
United Arab Emirates,ARE,2/11/2021,,13618
United Kingdom,GBR,12/13/2020,0.13,
United Kingdom,GBR,12/14/2020,,1236
United Kingdom,GBR,12/15/2020,,1236
United Kingdom,GBR,12/16/2020,,1236
United Kingdom,GBR,12/17/2020,,1236
United Kingdom,GBR,12/18/2020,,1236
United Kingdom,GBR,12/19/2020,,1236
United Kingdom,GBR,12/20/2020,0.99,1236
United Kingdom,GBR,12/21/2020,,1159
United Kingdom,GBR,12/22/2020,,1081
United Kingdom,GBR,12/23/2020,,1003
United Kingdom,GBR,12/24/2020,,926
United Kingdom,GBR,12/25/2020,,848
United Kingdom,GBR,12/26/2020,,770
United Kingdom,GBR,12/27/2020,1.48,693
United Kingdom,GBR,12/28/2020,,713
United Kingdom,GBR,12/29/2020,,733
United Kingdom,GBR,12/30/2020,,753
United Kingdom,GBR,12/31/2020,,773
United Kingdom,GBR,1/1/2021,,793
United Kingdom,GBR,1/2/2021,,813
United Kingdom,GBR,1/3/2021,2.03,833
United Kingdom,GBR,1/4/2021,,1099
United Kingdom,GBR,1/5/2021,,1364
United Kingdom,GBR,1/6/2021,,1630
United Kingdom,GBR,1/7/2021,,1895
United Kingdom,GBR,1/8/2021,,2161
United Kingdom,GBR,1/9/2021,,2426
United Kingdom,GBR,1/10/2021,3.37,2692
United Kingdom,GBR,1/11/2021,3.58,2656
United Kingdom,GBR,1/12/2021,3.89,2742
United Kingdom,GBR,1/13/2021,4.3,2965
United Kingdom,GBR,1/14/2021,4.77,3258
United Kingdom,GBR,1/15/2021,5.24,3565
United Kingdom,GBR,1/16/2021,5.65,3770
United Kingdom,GBR,1/17/2021,5.98,3865
United Kingdom,GBR,1/18/2021,6.28,3955
United Kingdom,GBR,1/19/2021,6.79,4215
United Kingdom,GBR,1/20/2021,7.33,4379
United Kingdom,GBR,1/21/2021,7.93,4570
United Kingdom,GBR,1/22/2021,8.63,4890
United Kingdom,GBR,1/23/2021,9.36,5337
United Kingdom,GBR,1/24/2021,9.68,5322
United Kingdom,GBR,1/25/2021,10.1,5476
United Kingdom,GBR,1/26/2021,10.55,5404
United Kingdom,GBR,1/27/2021,11.01,5295
United Kingdom,GBR,1/28/2021,11.62,5302
United Kingdom,GBR,1/29/2021,12.34,5323
United Kingdom,GBR,1/30/2021,13.22,5567
United Kingdom,GBR,1/31/2021,13.69,5780
United Kingdom,GBR,2/1/2021,14.21,5930
United Kingdom,GBR,2/2/2021,14.76,6065
United Kingdom,GBR,2/3/2021,15.45,6396
United Kingdom,GBR,2/4/2021,16.16,6540
United Kingdom,GBR,2/5/2021,16.89,6557
United Kingdom,GBR,2/6/2021,17.7,6436
United Kingdom,GBR,2/7/2021,18.11,6347
United Kingdom,GBR,2/8/2021,18.63,6354
United Kingdom,GBR,2/9/2021,19.24,6434
United Kingdom,GBR,2/10/2021,19.9,6400
United States,USA,12/20/2020,0.17,
United States,USA,12/21/2020,0.18,173
United States,USA,12/22/2020,,381
United States,USA,12/23/2020,0.3,450
United States,USA,12/24/2020,,571
United States,USA,12/25/2020,,644
United States,USA,12/26/2020,0.58,692
United States,USA,12/27/2020,,632
United States,USA,12/28/2020,0.64,646
United States,USA,12/29/2020,,705
United States,USA,12/30/2020,0.84,763
United States,USA,12/31/2020,,834
United States,USA,1/1/2021,,904
United States,USA,1/2/2021,1.26,974
United States,USA,1/3/2021,,1007
United States,USA,1/4/2021,1.36,1041
United States,USA,1/5/2021,1.45,1015
United States,USA,1/6/2021,1.59,1073
United States,USA,1/7/2021,1.77,1131
United States,USA,1/8/2021,2,1256
United States,USA,1/9/2021,,1379
United States,USA,1/10/2021,,1634
United States,USA,1/11/2021,2.69,1890
United States,USA,1/12/2021,2.79,1918
United States,USA,1/13/2021,,2124
United States,USA,1/14/2021,2.9,2234
United States,USA,1/15/2021,3.17,2388
United States,USA,1/16/2021,,2427
United States,USA,1/17/2021,,2466
United States,USA,1/18/2021,,2504
United States,USA,1/19/2021,4.07,2725
United States,USA,1/20/2021,4.27,2668
United States,USA,1/21/2021,4.5,2733
United States,USA,1/22/2021,4.86,2917
United States,USA,1/23/2021,5.2,3162
United States,USA,1/24/2021,5.53,3355
United States,USA,1/25/2021,5.76,3368
United States,USA,1/26/2021,5.95,3346
United States,USA,1/27/2021,6.19,3472
United States,USA,1/28/2021,6.49,3694
United States,USA,1/29/2021,6.83,3749
United States,USA,1/30/2021,7.2,3861
United States,USA,1/31/2021,7.54,3962
United States,USA,2/1/2021,7.78,4053
United States,USA,2/2/2021,7.91,3947
United States,USA,2/3/2021,8.12,3941
United States,USA,2/4/2021,8.34,3849
United States,USA,2/5/2021,8.64,3816
United States,USA,2/6/2021,9.05,4041
United States,USA,2/7/2021,9.44,4309
United States,USA,2/8/2021,9.67,4355
United States,USA,2/9/2021,9.83,4453
United States,USA,2/10/2021,10.1,4652
United States,USA,2/11/2021,10.38,4778
Wales,,12/13/2020,0.26,
Wales,,12/14/2020,,705
Wales,,12/15/2020,,705
Wales,,12/16/2020,,705
Wales,,12/17/2020,,705
Wales,,12/18/2020,,705
Wales,,12/19/2020,,705
Wales,,12/20/2020,0.75,705
Wales,,12/21/2020,,685
Wales,,12/22/2020,,664
Wales,,12/23/2020,,644
Wales,,12/24/2020,,624
Wales,,12/25/2020,,604
Wales,,12/26/2020,,584
Wales,,12/27/2020,1.15,563
Wales,,12/28/2020,,574
Wales,,12/29/2020,,585
Wales,,12/30/2020,,596
Wales,,12/31/2020,,607
Wales,,1/1/2021,,618
Wales,,1/2/2021,,629
Wales,,1/3/2021,1.6,640
Wales,,1/4/2021,,780
Wales,,1/5/2021,,920
Wales,,1/6/2021,,1061
Wales,,1/7/2021,,1201
Wales,,1/8/2021,,1341
Wales,,1/9/2021,,1482
Wales,,1/10/2021,2.73,1622
Wales,,1/11/2021,2.89,1627
Wales,,1/12/2021,3.22,1854
Wales,,1/13/2021,3.58,2149
Wales,,1/14/2021,4.01,2525
Wales,,1/15/2021,,2678
Wales,,1/16/2021,,2830
Wales,,1/17/2021,4.81,2982
Wales,,1/18/2021,5.14,3211
Wales,,1/19/2021,5.58,3385
Wales,,1/20/2021,6.04,3522
Wales,,1/21/2021,6.73,3907
Wales,,1/22/2021,7.63,4804
Wales,,1/23/2021,8.39,5510
Wales,,1/24/2021,8.59,5412
Wales,,1/25/2021,9.18,5798
Wales,,1/26/2021,9.91,6197
Wales,,1/27/2021,10.66,6611
Wales,,1/28/2021,11.49,6807
Wales,,1/29/2021,12,6250
Wales,,1/30/2021,12.8,6307
Wales,,1/31/2021,13.2,6605
Wales,,2/1/2021,13.94,6822
Wales,,2/2/2021,14.67,6829
Wales,,2/3/2021,15.56,7025
Wales,,2/4/2021,16.59,7327
Wales,,2/5/2021,17.67,8179
Wales,,2/6/2021,18.7,8517
Wales,,2/7/2021,19.16,8592
Wales,,2/8/2021,19.94,8679
Wales,,2/9/2021,20.79,8856
Wales,,2/10/2021,21.7,8886
World,OWID_WRL,12/13/2020,0,
World,OWID_WRL,12/14/2020,,98
World,OWID_WRL,12/15/2020,0,98
World,OWID_WRL,12/16/2020,,65
World,OWID_WRL,12/17/2020,,49
World,OWID_WRL,12/18/2020,,39
World,OWID_WRL,12/19/2020,0,33
World,OWID_WRL,12/20/2020,0.02,49
World,OWID_WRL,12/21/2020,0.02,37
World,OWID_WRL,12/22/2020,0.02,24
World,OWID_WRL,12/23/2020,0.02,33
World,OWID_WRL,12/24/2020,0.03,35
World,OWID_WRL,12/25/2020,0.03,35
World,OWID_WRL,12/26/2020,0.04,53
World,OWID_WRL,12/27/2020,0.05,41
World,OWID_WRL,12/28/2020,0.05,46
World,OWID_WRL,12/29/2020,0.05,50
World,OWID_WRL,12/30/2020,0.07,58
World,OWID_WRL,12/31/2020,0.07,117
World,OWID_WRL,1/1/2021,0.07,118
World,OWID_WRL,1/2/2021,0.1,144
World,OWID_WRL,1/3/2021,0.11,147
World,OWID_WRL,1/4/2021,0.12,154
World,OWID_WRL,1/5/2021,0.13,178
World,OWID_WRL,1/6/2021,0.14,178
World,OWID_WRL,1/7/2021,0.15,140
World,OWID_WRL,1/8/2021,0.17,163
World,OWID_WRL,1/9/2021,0.17,208
World,OWID_WRL,1/10/2021,0.2,226
World,OWID_WRL,1/11/2021,0.24,268
World,OWID_WRL,1/12/2021,0.25,266
World,OWID_WRL,1/13/2021,0.26,312
World,OWID_WRL,1/14/2021,0.28,336
World,OWID_WRL,1/15/2021,0.31,361
World,OWID_WRL,1/16/2021,0.32,291
World,OWID_WRL,1/17/2021,0.32,278
World,OWID_WRL,1/18/2021,0.34,248
World,OWID_WRL,1/19/2021,0.38,313
World,OWID_WRL,1/20/2021,0.41,387
World,OWID_WRL,1/21/2021,0.43,398
World,OWID_WRL,1/22/2021,0.46,418
World,OWID_WRL,1/23/2021,0.49,454
World,OWID_WRL,1/24/2021,0.52,482
World,OWID_WRL,1/25/2021,0.54,504
World,OWID_WRL,1/26/2021,0.56,459
World,OWID_WRL,1/27/2021,0.59,526
World,OWID_WRL,1/28/2021,0.62,545
World,OWID_WRL,1/29/2021,0.65,555
World,OWID_WRL,1/30/2021,0.68,569
World,OWID_WRL,1/31/2021,0.71,602
World,OWID_WRL,2/1/2021,0.73,609
World,OWID_WRL,2/2/2021,0.75,608
World,OWID_WRL,2/3/2021,0.77,603
World,OWID_WRL,2/4/2021,0.8,613
World,OWID_WRL,2/5/2021,0.83,604
World,OWID_WRL,2/6/2021,0.86,618
World,OWID_WRL,2/7/2021,0.89,602
World,OWID_WRL,2/8/2021,0.91,605
World,OWID_WRL,2/9/2021,0.93,792
World,OWID_WRL,2/10/2021,0.98,735
World,OWID_WRL,2/11/2021,1.01,720
